vid,japanese,reading,meaning,type,category,subcategory,level,samplesentence,sentencehiragana,sentencemeaning
v001,私,わたし,I,noun,self_introduction,～です,1,わたしは学生です。,わたしは がくせいです。,I am a student.
v002,～です,～です,to be,particle,self_introduction,～です,1,これは私の本です。,これは わたしの ほんです。,This is my book.
v003,～さん,～さん,Mr.,honorific,self_introduction,～です,1,田中さんは先生です。,たなかさんは せんせいです。,Mr./Ms. Tanaka is a teacher.
v004,～ちゃん,～ちゃん,affectionate/diminutive honorific suffix,honorific,self_introduction,～です,1,さくらちゃんは私の友達です。,さくらちゃんは わたしの ともだちです。,Sakura is my friend.
v005,あなた,あなた,you,pronoun,self_introduction,～です,1,あなたは元気ですか。,あなたは げんきですか。,Are you well?
v006,彼,かれ,he,noun,self_introduction,～です,1,彼は私の友達です。,かれは わたしの ともだちです。,He is my friend.
v007,彼女,かのじょ,she,noun,self_introduction,～です,1,彼女は学生です。,かのじょは がくせいです。,She is a student.
v008,お名前,おなまえ,name,noun,self_introduction,～です,1,お名前は何ですか。,おなまえは なんですか。,What is your name?
v009,はい,はい,yes,expression,self_introduction,～です,1,"「これはあなたの本ですか。」
「はい、そうです。」","「これは あなたの ほんですか。」
「はい、そうです。」","“Is this your book?” 
“Yes, that's right.”"
v010,ええ,ええ,yes,expression,self_introduction,～です,1,"「田中さんは先生ですか。」
「ええ、そうです。」","「たなかさんは せんせいですか。」
「ええ、そうです。」","“Is Tanaka a teacher?” 
“Yes, that's right.”"
v011,いいえ,いいえ,no,expression,self_introduction,～です,1,"「あなたは学生ですか。」
「いいえ、違います。」","「あなたは がくせいですか。」
「いいえ、ちがいます。」","“Are you a student?” 
“No, I'm not.”"
v012,そうです,そうです,that's right,expression,self_introduction,～です,1,はい、そうです。,はい、そうです。,"Yes, that's right."
v013,違います,ちがいます,to be different,expression,self_introduction,～です,1,いいえ、違います。,いいえ、ちがいます。,"No, that's not right."
v014,おはよう,おはよう,good morning,greeting,self_introduction,おはよう,1,おはよう。今日も元気ですか。,おはよう。きょうも げんきですか。,Good morning. Are you well today?
v015,こんにちは,こんにちは,hello,greeting,self_introduction,おはよう,1,こんにちは。今日はいい天気ですね。,こんにちは。きょうは いい てんきですね。,"Hello. It's nice weather today, isn't it?"
v016,こんばんは,こんばんは,good evening,greeting,self_introduction,おはよう,1,こんばんは。今日は寒いですね。,こんばんは。きょうは さむいですね。,"Good evening. It's cold today, isn't it?"
v017,さようなら,さようなら,goodbye,greeting,self_introduction,おはよう,1,さようなら。また明日。,さようなら。また あした。,Goodbye. See you tomorrow.
v018,"じゃあ, また","じゃあ, また",see you,greeting,self_introduction,おはよう,1,じゃあ、また明日。,じゃあ、また あした。,"Well then, see you tomorrow."
v019,おやすみなさい,おやすみなさい,good night,greeting,self_introduction,おはよう,1,今日は疲れました。おやすみなさい。,きょうは つかれました。おやすみなさい。,I'm tired today. Good night.
v020,ありがとう,ありがとう,thank you,expression,self_introduction,おはよう,1,ありがとう。いつもありがとう。,ありがとう。いつも ありがとう。,Thank you. Thank you always.
v021,どういたしまして,どういたしまして,you're welcome,expression,self_introduction,おはよう,1,"「ありがとう。」
「どういたしまして。」","「ありがとう。」
「どういたしまして。」","“Thank you.” 
“You're welcome.”"
v022,どうぞ,どうぞ,please,greeting,self_introduction,おはよう,1,これはあなたの本です。どうぞ。,これは あなたの ほんです。どうぞ。,This is your book. Here you go.
v023,どうも,どうも,thanks,greeting,self_introduction,おはよう,1,どうも、ありがとう。,どうも、ありがとう。,Thank you very much.
v024,はじめまして,はじめまして,nice to meet you,greeting,self_introduction,おはよう,1,はじめまして。私は田中です。,はじめまして。わたしは たなかです。,Nice to meet you. I'm Tanaka.
v025,どうぞよろしく,どうぞよろしく,please treat me favorably,greeting,self_introduction,おはよう,1,はじめまして。どうぞよろしく。,はじめまして。どうぞ よろしく。,Nice to meet you. I look forward to knowing you.
v026,こちらこそ,こちらこそ,likewise,greeting,self_introduction,おはよう,1,"「どうぞよろしく。」
「こちらこそ。」","「どうぞ よろしく。」
「こちらこそ。」","“Nice to meet you.”
 “Likewise.”"
v027,両親,りょうしん,parents,noun,self_introduction,かぞく,2,私の両親は元気です。,わたしの りょうしんは げんきです。,My parents are well.
v028,母,はは,my mother,noun,self_introduction,かぞく,2,母は料理が好きです。,ははは りょうりが すきです。,My mother likes cooking.
v029,父,ちち,my father,noun,self_introduction,かぞく,2,父は会社員です。,ちちは かいしゃいんです。,My father is a company employee.
v030,姉,あね,my older sister,noun,self_introduction,かぞく,2,姉は大学生です。,あねは だいがくせいです。,My older sister is a university student.
v031,兄,あに,my older brother,noun,self_introduction,かぞく,2,兄は東京にいます。,あには とうきょうに います。,My older brother is in Tokyo.
v032,弟,おとうと,younger brother,noun,self_introduction,かぞく,2,弟は学校にいます。,おとうとは がっこうに います。,My younger brother is at school.
v033,妹,いもうと,younger sister,noun,self_introduction,かぞく,2,妹は猫が好きです。,いもうとは ねこが すきです。,My younger sister likes cats.
v034,兄弟,きょうだい,siblings,noun,self_introduction,かぞく,2,私は兄弟が三人います。,わたしは きょうだいが さんにん います。,I have three siblings.
v035,犬,いぬ,dog,noun,self_introduction,かぞく,2,うちに犬がいます。,うちに いぬが います。,We have a dog at home.
v036,猫,ねこ,cat,noun,self_introduction,かぞく,2,うちに猫が二匹います。,うちに ねこが にひき います。,We have two cats at home.
v037,いる,いる,to exist; to be (living things),verb,self_introduction,かぞく,2,家に誰がいますか。,いえに だれが いますか。,Who is at home?
v038,うち,うち,home; household; one’s family,noun,self_introduction,かぞく,2,うちに家族がいます。,うちに かぞくが います。,My family is at home.
v039,家族,かぞく,family,noun,self_introduction,かぞく,2,私の家族は四人です。,わたしの かぞくは よにんです。,There are four people in my family.
v040,おじいさん,おじいさん,grandfather; elderly man,noun,self_introduction,かぞく,2,おじいさんは元気です。,おじいさんは げんきです。,Grandfather is well.
v041,おばあさん,おばあさん,grandmother; elderly woman,noun,self_introduction,かぞく,2,おばあさんは家にいます。,おばあさんは いえに います。,Grandmother is at home.
v042,ご両親,ごりょうしん,(someone else’s) parents,noun,self_introduction,かぞく,2,ご両親はお元気ですか。,ごりょうしんは おげんきですか。,How are your parents?
v043,お父さん,おとうさん,father; (someone else’s) father,noun,self_introduction,かぞく,2,お父さんは会社員ですか。,おとうさんは かいしゃいんですか。,Is your father a company employee?
v044,お母さん,おかあさん,mother; (someone else’s) mother,noun,self_introduction,かぞく,2,お母さんは料理をしますか。,おかあさんは りょうりを しますか。,Does your mother cook?
v045,お姉さん,おねえさん,older sister; young woman,noun,self_introduction,かぞく,2,お姉さんは学生ですか。,おねえさんは がくせいですか。,Is your older sister a student?
v046,お兄さん,おにいさん,older brother; young man,noun,self_introduction,かぞく,2,お兄さんは東京にいますか。,おにいさんは とうきょうに いますか。,Is your older brother in Tokyo?
v047,弟さん,おとうとさん,someone else’s younger brother,noun,self_introduction,かぞく,2,弟さんは何歳ですか。,おとうとさんは なんさいですか。,How old is your younger brother?
v048,妹さん,いもうとさん,someone else’s younger sister,noun,self_introduction,かぞく,2,妹さんは猫が好きですか。,いもうとさんは ねこが すきですか。,Does your younger sister like cats?
v049,何人,なんにん,how many people,counter,self_introduction,なんにん,3,家族は何人ですか。,かぞくは なんにんですか。,How many people are in your family?
v050,一人,ひとり,one person,counter,self_introduction,なんにん,3,私は一人で住んでいます。,わたしは ひとりで すんでいます。,I live alone.
v051,二人,ふたり,two people,counter,self_introduction,なんにん,3,家族は二人です。,かぞくは ふたりです。,There are two people in my family.
v052,三人,さんにん,three people,counter,self_introduction,なんにん,3,教室に三人います。,きょうしつに さんにん います。,There are three people in the classroom.
v053,四人,よにん,four people,counter,self_introduction,なんにん,3,私の家族は四人です。,わたしの かぞくは よにんです。,There are four people in my family.
v054,五人,ごにん,five people,counter,self_introduction,なんにん,3,パーティーに五人来ます。,ぱーてぃーに ごにん きます。,Five people are coming to the party.
v055,六人,ろくにん,six people,counter,self_introduction,なんにん,3,学生が六人います。,がくせいが ろくにん います。,There are six students.
v056,七人,しちにん,seven people,counter,self_introduction,なんにん,3,教室に七人います。,きょうしつに しちにん います。,There are seven people in the classroom.
v057,八人,はちにん,eight people,counter,self_introduction,なんにん,3,家に八人います。,いえに はちにん います。,There are eight people at home.
v058,九人,きゅうにん,nine people,counter,self_introduction,なんにん,3,クラスに九人います。,くらすに きゅうにん います。,There are nine people in the class.
v059,十人,じゅうにん,ten people,counter,self_introduction,なんにん,3,今日は十人来ます。,きょうは じゅうにん きます。,Ten people are coming today.
v060,大人,おとな,adult,noun,self_introduction,なんにん,3,あの人は大人です。,あの ひとは おとなです。,That person is an adult.
v061,子供,こども,child; children,noun,self_introduction,なんにん,3,公園に子供がいます。,こうえんに こどもが います。,There are children in the park.
v062,男の人,おとこのひと,man,noun,self_introduction,なんにん,3,あそこに男の人がいます。,あそこに おとこの ひとが います。,There is a man over there.
v063,女の人,おんなのひと,woman,noun,self_introduction,なんにん,3,女の人が二人います。,おんなの ひとが ふたり います。,There are two women.
v064,男の子,おとこのこ,boy,noun,self_introduction,なんにん,3,公園に男の子がいます。,こうえんに おとこの こが います。,There is a boy in the park.
v065,女の子,おんなのこ,girl,noun,self_introduction,なんにん,3,女の子が三人います。,おんなの こが さんにん います。,There are three girls.
v066,国,くに,country,noun,self_introduction,～からきました,4,私の国はインドネシアです。,わたしの くには いんどねしあです。,My country is Indonesia.
v067,ある,ある,to exist; to have (non-living things),verb,self_introduction,～からきました,4,世界にはいろいろな国があります。,せかいには いろいろな くにが あります。,There are many different countries in the world.
v068,どちら,どちら,which; where (polite),pronoun,self_introduction,～からきました,4,どちらの国から来ましたか。,どちらの くにから きましたか。,Which country are you from?
v069,～から来ました,～からきました,came from; am from,expression,self_introduction,～からきました,4,私はインドネシアから来ました。,わたしは いんどねしあから きました。,I came from Indonesia.
v070,～人,～じん,person of [nationality]; [nationality] person,suffix,self_introduction,～からきました,4,私はインドネシア人です。,わたしは いんどねしあじんです。,I am Indonesian.
v071,地図,ちず,map,noun,self_introduction,～からきました,4,地図を見て、国を探します。,ちずを みて、くにを さがします。,I look at the map and look for countries.
v072,世界,せかい,world,noun,self_introduction,～からきました,4,世界は広いです。,せかいは ひろいです。,The world is vast.
v073,日本,にほん,Japan,proper_noun,self_introduction,～からきました,4,日本へ行きたいです。,にほんへ いきたいです。,I want to go to Japan.
v074,インド,いんど,India,proper_noun,self_introduction,～からきました,4,インドのカレーを食べます。,いんどの かれーを たべます。,I eat Indian curry.
v075,インドネシア,いんどねしあ,Indonesia,proper_noun,self_introduction,～からきました,4,インドネシアは暑いです。,いんどねしあは あついです。,Indonesia is hot.
v076,韓国,かんこく,South Korea,proper_noun,self_introduction,～からきました,4,韓国の音楽が好きです。,かんこくの おんがくが すきです。,I like Korean music.
v077,タイ,たい,Thailand,proper_noun,self_introduction,～からきました,4,タイの料理を食べたいです。,たいの りょうりを たべたいです。,I want to eat Thai food.
v078,台湾,たいわん,Taiwan,proper_noun,self_introduction,～からきました,4,台湾へ行きたいです。,たいわんへ いきたいです。,I want to go to Taiwan.
v079,中国,ちゅうごく,China,proper_noun,self_introduction,～からきました,4,中国から友達が来ました。,ちゅうごくから ともだちが きました。,A friend came from China.
v080,ネパール,ねぱーる,Nepal,proper_noun,self_introduction,～からきました,4,ネパールの人と話します。,ねぱーるの ひとと はなします。,I talk with a person from Nepal.
v081,フィリピン,ふぃりぴん,Philippines,proper_noun,self_introduction,～からきました,4,フィリピンから来ました。,ふぃりぴんから きました。,I came from the Philippines.
v082,ベトナム,べとなむ,Vietnam,proper_noun,self_introduction,～からきました,4,ベトナムの料理が好きです。,べとなむの りょうりが すきです。,I like Vietnamese food.
v083,マレーシア,まれーしあ,Malaysia,proper_noun,self_introduction,～からきました,4,マレーシアは近いです。,まれーしあは ちかいです。,Malaysia is close.
v084,ミャンマー,みゃんまー,Myanmar,proper_noun,self_introduction,～からきました,4,ミャンマーの人と友達です。,みゃんまーの ひとと ともだちです。,I am friends with a person from Myanmar.
v085,トルコ,とるこ,Turkey,proper_noun,self_introduction,～からきました,4,トルコへ行きたいです。,とるこへ いきたいです。,I want to go to Turkey.
v086,オーストラリア,おーすとらりあ,Australia,proper_noun,self_introduction,～からきました,4,オーストラリアは大きい国です。,おーすとらりあは おおきい くにです。,Australia is a big country.
v087,ニュージーランド,にゅーじーらんど,New Zealand,proper_noun,self_introduction,～からきました,4,ニュージーランドの写真を見ます。,にゅーじーらんどの しゃしんを みます。,I look at photos of New Zealand.
v088,アメリカ,あめりか,America; United States,proper_noun,self_introduction,～からきました,4,アメリカから友達が来ます。,あめりかから ともだちが きます。,A friend is coming from America.
v089,カナダ,かなだ,Canada,proper_noun,self_introduction,～からきました,4,カナダの冬は寒いです。,かなだの ふゆは さむいです。,Canada's winters are cold.
v090,メキシコ,めきしこ,Mexico,proper_noun,self_introduction,～からきました,4,メキシコの料理を食べます。,めきしこの りょうりを たべます。,I eat Mexican food.
v091,ブラジル,ぶらじる,Brazil,proper_noun,self_introduction,～からきました,4,ブラジルは遠い国です。,ぶらじるは とおい くにです。,Brazil is a faraway country.
v092,ロシア,ろしあ,Russia,proper_noun,self_introduction,～からきました,4,ロシアは大きい国です。,ろしあは おおきい くにです。,Russia is a big country.
v093,イギリス,いぎりす,United Kingdom; Britain,proper_noun,self_introduction,～からきました,4,イギリスの音楽を聞きます。,いぎりすの おんがくを ききます。,I listen to British music.
v094,フランス,ふらんす,France,proper_noun,self_introduction,～からきました,4,フランスへ行きたいです。,ふらんすへ いきたいです。,I want to go to France.
v095,ドイツ,どいつ,Germany,proper_noun,self_introduction,～からきました,4,ドイツから来ました。,どいつから きました。,I came from Germany.
v096,スイス,すいす,Switzerland,proper_noun,self_introduction,～からきました,4,スイスの山はきれいです。,すいすの やまは きれいです。,The mountains in Switzerland are beautiful.
v097,イタリア,いたりあ,Italy,proper_noun,self_introduction,～からきました,4,イタリアの料理が好きです。,いたりあの りょうりが すきです。,I like Italian food.
v098,スペイン,すぺいん,Spain,proper_noun,self_introduction,～からきました,4,スペインへ行きたいです。,すぺいんへ いきたいです。,I want to go to Spain.
v099,エジプト,えじぷと,Egypt,proper_noun,self_introduction,～からきました,4,エジプトの写真を見ます。,えじぷとの しゃしんを みます。,I look at photos of Egypt.
v100,ケニア,けにあ,Kenya,proper_noun,self_introduction,～からきました,4,ケニアから来ました。,けにあから きました。,I came from Kenya.
v101,ヨーロッパ,よーろっぱ,Europe,proper_noun,self_introduction,～からきました,4,ヨーロッパへ行きたいです。,よーろっぱへ いきたいです。,I want to go to Europe.
v102,アジア,あじあ,Asia,proper_noun,self_introduction,～からきました,4,アジアにはいろいろな国があります。,あじあには いろいろな くにが あります。,There are many different countries in Asia.
v103,アフリカ,あふりか,Africa,proper_noun,self_introduction,～からきました,4,アフリカの写真を見たいです。,あふりかの しゃしんを みたいです。,I want to see photos of Africa.
v193,先生,せんせい,teacher; instructor,noun,study,学校,5,先生はいつも元気です。,せんせいは いつも げんきです。,The teacher is always cheerful.
v194,学生,がくせい,student,noun,study,学校,5,私は学生です。,わたしは がくせいです。,I am a student.
v195,留学生,りゅうがくせい,international student; foreign student,noun,study,学校,5,彼は日本の留学生です。,かれは にほんの りゅうがくせいです。,He is an international student in Japan.
v196,学校,がっこう,school,noun,study,学校,5,毎日学校へ行きます。,まいにち がっこうへ いきます。,I go to school every day.
v197,勉強する,べんきょうする,to study,verb,study,学校,5,毎晩日本語を勉強します。,まいばん にほんごを べんきょうします。,I study Japanese every night.
v198,日本語学校,にほんごがっこう,Japanese language school,noun,study,学校,5,日本語学校で友達ができました。,にほんご がっこうで ともだちが できました。,I made friends at Japanese language school.
v199,小学校,しょうがっこう,elementary school,noun,study,学校,5,妹は小学校へ行きます。,いもうとは しょうがっこうへ いきます。,My younger sister goes to elementary school.
v200,中学校,ちゅうがっこう,junior high school,noun,study,学校,5,兄は中学校の先生です。,あには ちゅうがっこうの せんせいです。,My older brother is a junior high school teacher.
v201,高校,こうこう,high school,noun,study,学校,5,高校で日本語を勉強します。,こうこうで にほんごを べんきょうします。,I study Japanese at high school.
v202,大学,だいがく,university; college,noun,study,学校,5,大学で友達と話します。,だいがくで ともだちと はなします。,I talk with my friends at university.
v203,教室,きょうしつ,classroom,noun,study,学校,5,教室に学生がいます。,きょうしつに がくせいが います。,There are students in the classroom.
v204,クラス,クラス,class,noun,study,学校,5,私のクラスは楽しいです。,わたしの くらすは たのしいです。,My class is fun.
v205,行く,いく,to go,verb,study,学校,5,明日、学校へ行きます。,あした、がっこうへ いきます。,"Tomorrow, I will go to school."
v206,来る,くる,to come,verb,study,学校,5,先生が教室に来ます。,せんせいが きょうしつに きます。,The teacher comes to the classroom.
v207,帰る,かえる,to return; go home,verb,study,学校,5,勉強が終わったら家へ帰ります。,べんきょうが おわったら いえへ かえります。,"When studying is finished, I go home."
v208,ゼロ,ゼロ,zero,number,study,かず ,6,ゼロから日本語を勉強します。,ぜろから にほんごを べんきょうします。,I study Japanese from zero.
v209,一,いち,one,number,study,かず ,6,一から始めます。,いちから はじめます。,I start from one.
v210,二,に,two,number,study,かず ,6,二人で学校へ行きます。,ふたりで がっこうへ いきます。,Two of us go to school together.
v211,三,さん,three,number,study,かず ,6,三時に会います。,さんじに あいます。,I'll meet you at three.
v212,四,よん,four,number,study,かず ,6,四月に日本へ行きます。,しがつに にほんへ いきます。,I will go to Japan in April.
v213,五,ご,five,number,study,かず ,6,五時に帰ります。,ごじに かえります。,I go home at five.
v214,六,ろく,six,number,study,かず ,6,六時に起きます。,ろくじに おきます。,I wake up at six.
v215,七,なな,seven,number,study,かず ,6,七時から勉強します。,しちじから べんきょうします。,I study from seven.
v216,八,はち,eight,number,study,かず ,6,八時に学校へ行きます。,はちじに がっこうへ いきます。,I go to school at eight.
v217,九,きゅう,nine,number,study,かず ,6,九時まで勉強します。,くじまで べんきょうします。,I study until nine.
v218,十,じゅう,ten,number,study,かず ,6,十分休みます。,じゅっぷん やすみます。,I rest for ten minutes.
v219,十一,じゅういち,eleven,number,study,かず ,6,十一時に寝ます。,じゅういちじに ねます。,I go to bed at eleven.
v220,十二,じゅうに,twelve,number,study,かず ,6,十二時に昼ご飯を食べます。,じゅうにじに ひるごはんを たべます。,I eat lunch at twelve.
v221,～月,～がつ,month; [month],suffix,study,かず ,6,三か月日本語を勉強しました。,さんかげつ にほんごを べんきょうしました。,I studied Japanese for three months.
v222,一月,いちがつ,January,noun,study,かず ,6,一月は新しい年の始まりです。,いちがつは あたらしい としの はじまりです。,January is the beginning of a new year.
v223,二月,にがつ,February,noun,study,かず ,6,二月はまだ寒いです。,にがつは まだ さむいです。,February is still cold.
v224,三月,さんがつ,March,noun,study,かず ,6,三月は春が来ます。,さんがつは はるが きます。,Spring comes in March.
v225,四月,しがつ,April,noun,study,かず ,6,四月に新しい学校が始まります。,しがつに あたらしい がっこうが はじまります。,A new school year starts in April.
v226,五月,ごがつ,May,noun,study,かず ,6,五月はいい天気の日が多いです。,ごがつは いい てんきの ひが おおいです。,There are many nice-weather days in May.
v227,六月,ろくがつ,June,noun,study,かず ,6,六月は雨の日が多いです。,ろくがつは あめの ひが おおいです。,There are many rainy days in June.
v228,七月,しちがつ,July,noun,study,かず ,6,七月は夏です。,しちがつは なつです。,July is summer.
v229,八月,はちがつ,August,noun,study,かず ,6,八月に海へ行きたいです。,はちがつに うみへ いきたいです。,I want to go to the sea in August.
v230,九月,くがつ,September,noun,study,かず ,6,九月になってもまだ暑いです。,くがつに なっても まだ あついです。,"Even in September, it is still hot."
v231,十月,じゅうがつ,October,noun,study,かず ,6,十月は秋の月です。,じゅうがつは あきの つきです。,October is an autumn month.
v232,十一月,じゅういちがつ,November,noun,study,かず ,6,十一月は少し寒いです。,じゅういちがつは すこし さむいです。,November is a little cold.
v233,十二月,じゅうにがつ,December,noun,study,かず ,6,十二月は楽しい月です。,じゅうにがつは たのしい つきです。,December is a fun month.
v234,何月,なんがつ,what month,noun,study,かず ,6,今は何月ですか。,いまは なんがつですか。,What month is it now?
v235,曜日,ようび,day of the week,noun,study,ようび,7,今日は何曜日ですか。,きょうは なんようびですか。,What day of the week is it today?
v236,日曜日,にちようび,Sunday,noun,study,ようび,7,日曜日に友達と遊びます。,にちようびに ともだちと あそびます。,I hang out with my friends on Sunday.
v237,月曜日,げつようび,Monday,noun,study,ようび,7,月曜日から学校へ行きます。,げつようびから がっこうへ いきます。,I go to school from Monday.
v238,火曜日,かようび,Tuesday,noun,study,ようび,7,火曜日に日本語を勉強します。,かようびに にほんごを べんきょうします。,I study Japanese on Tuesday.
v239,水曜日,すいようび,Wednesday,noun,study,ようび,7,水曜日にアルバイトをします。,すいようびに あるばいとを します。,I work part-time on Wednesday.
v240,木曜日,もくようび,Thursday,noun,study,ようび,7,木曜日は学校へ行きます。,もくようびは がっこうへ いきます。,I go to school on Thursday.
v241,金曜日,きんようび,Friday,noun,study,ようび,7,金曜日の夜は楽しいです。,きんようびの よるは たのしいです。,Friday nights are fun.
v242,土曜日,どようび,Saturday,noun,study,ようび,7,土曜日に友達と映画を見ます。,どようびに ともだちと えいがを みます。,I watch a movie with my friends on Saturday.
v243,何曜日,なんようび,what day of the week,noun,study,ようび,7,明日は何曜日ですか。,あしたは なんようびですか。,What day of the week is tomorrow?
v244,今日,きょう,today,noun,study,ようび,7,今日はいい日です。,きょうは いい ひです。,Today is a good day.
v245,昨日,きのう,yesterday,noun,study,ようび,7,昨日は友達と話しました。,きのうは ともだちと はなしました。,I talked with my friend yesterday.
v246,明日,あした,tomorrow,noun,study,ようび,7,明日は新しい一日です。,あしたは あたらしい いちにちです。,Tomorrow is a new day.
v247,毎日,まいにち,every day,adverb,study,ようび,7,毎日少しずつ勉強します。,まいにち すこしずつ べんきょうします。,I study a little every day.
v248,～週間,～しゅうかん,[number] weeks,suffix,study,ようび,7,二週間日本にいます。,にしゅうかん にほんに います。,I will be in Japan for two weeks.
v249,～か月,～かげつ,[number] months,suffix,study,ようび,7,三か月日本語を勉強します。,さんかげつ にほんごを べんきょうします。,I will study Japanese for three months.
v250,～年,～ねん,[number] years,suffix,study,ようび,7,一年日本語を勉強しました。,いちねん にほんごを べんきょうしました。,I studied Japanese for one year.
v251,～回,～かい,[number] times,suffix,study,ようび,7,一週間に三回運動します。,いっしゅうかんに さんかい うんどうします。,I exercise three times a week.
v252,何回,なんかい,how many times,noun,study,ようび,7,一日に何回ご飯を食べますか。,いちにちに なんかい ごはんを たべますか。,How many times a day do you eat?
v253,アルバイトする,アルバイトする,to work a part-time job,verb,study,ようび,7,大学生になったらアルバイトをします。,だいがくせいに なったら あるばいとを します。,"When I become a university student, I'll work part-time."
v254,する,する,to do,verb,study,ようび,7,今日、一緒に勉強します。,きょう、いっしょに べんきょうします。,"Today, let's study together."
v255,言葉,ことば,word; language,noun,study,ことば,8,君の言葉を大切にします。,きみの ことばを たいせつに します。,I will treasure your words.
v256,字,じ,character; letter,noun,study,ことば,8,この字はきれいです。,この じは きれいです。,This handwriting is beautiful.
v257,日本語,にほんご,Japanese language,noun,study,ことば,8,日本語で話してみます。,にほんごで はなして みます。,I'll try speaking in Japanese.
v258,～語,～ご,[language],suffix,study,ことば,8,英語を少し話します。,えいごを すこし はなします。,I speak a little English.
v259,話す,はなす,to speak; to talk,verb,study,ことば,8,今日は友達とたくさん話しました。,きょうは ともだちと たくさん はなしました。,I talked a lot with my friend today.
v260,ゆっくり,ゆっくり,slowly; leisurely,adverb,study,ことば,8,ゆっくり話してください。,ゆっくり はなして ください。,Please speak slowly.
v261,言う,いう,to say; to tell,verb,study,ことば,8,ありがとうと言います。,ありがとうと いいます。,I say “thank you.”
v262,もう一度,もういちど,one more time; again,adverb,study,ことば,8,もう一度言ってください。,もう いちど いって ください。,Please say it one more time.
v263,お願いします,おねがいします,please; I request,expression,study,ことば,8,もう一度お願いします。,もう いちど おねがいします。,"One more time, please."
v264,分かる,わかる,to understand,verb,study,ことば,8,今なら少し分かります。,いまなら すこし わかります。,"Now, I understand a little."
v265,少し,すこし,a little; a few,adverb,study,ことば,8,少しずつ分かってきました。,すこしずつ わかって きました。,"Little by little, I have come to understand."
v266,もう少し,もうすこし,a little more,adverb,study,ことば,8,もう少し頑張ります。,もう すこし がんばります。,I'll try a little harder.
v267,よく,よく,well; often,adverb,study,ことば,8,この歌をよく聞きます。,この うたを よく ききます。,I often listen to this song.
v268,だいたい,だいたい,roughly; generally,adverb,study,ことば,8,日本語の意味がだいたい分かります。,にほんごの いみが だいたい わかります。,I roughly understand the meaning of the Japanese.
v269,全然,ぜんぜん,not at all; entirely,adverb,study,ことば,8,日本語が全然分かりません。,にほんごが ぜんぜん わかりません。,I don't understand Japanese at all.
v270,ひらがな,ひらがな,hiragana,noun,study,ことば,8,ひらがなを毎日書きます。,ひらがなを まいにち かきます。,I write hiragana every day.
v271,カタカナ,カタカナ,katakana,noun,study,ことば,8,カタカナはまだ少し難しいです。,かたかなは まだ すこし むずかしいです。,Katakana is still a little difficult.
v272,漢字,かんじ,kanji; Chinese character,noun,study,ことば,8,この漢字を覚えました。,この かんじを おぼえました。,I learned this kanji.
v273,ローマ字,ローマじ,Roman letters; romaji,noun,study,ことば,8,最初はローマ字で勉強しました。,さいしょは ろーまじで べんきょうしました。,"At first, I studied using romaji."
v274,勉強,べんきょう,study; studying,noun,study,べんきょう,9,日本語の勉強は楽しいです。,にほんごの べんきょうは たのしいです。,Studying Japanese is fun.
v275,読む,よむ,to read,verb,study,べんきょう,9,毎晩、本を読みます。,まいばん、ほんを よみます。,I read a book every night.
v276,本,ほん,book,noun,study,べんきょう,9,この本をもう一度読みたいです。,この ほんを もう いちど よみたいです。,I want to read this book one more time.
v277,書く,かく,to write,verb,study,べんきょう,9,今日の日記を書きます。,きょうの にっきを かきます。,I write today's diary entry.
v278,聞く,きく,to listen; to hear; to ask,verb,study,べんきょう,9,好きな歌を聞きます。,すきな うたを ききます。,I listen to a song I like.
v279,CD,シーディー,CD,noun,study,べんきょう,9,昔のCDを聞きました。,むかしの しーでぃーを ききました。,I listened to an old CD.
v280,調べる,しらべる,to look up; to investigate,verb,study,べんきょう,9,分からない言葉を調べます。,わからない ことばを しらべます。,I look up words I don't understand.
v281,買う,かう,to buy,verb,study,べんきょう,9,本屋で新しい本を買いました。,ほんやで あたらしい ほんを かいました。,I bought a new book at the bookstore.
v282,辞書,じしょ,dictionary,noun,study,べんきょう,9,分からない言葉は辞書で調べます。,わからない ことばは じしょで しらべます。,I look up words I don't understand in a dictionary.
v283,電子辞書,でんしじしょ,electronic dictionary,noun,study,べんきょう,9,電子辞書で漢字を調べます。,でんし じしょで かんじを しらべます。,I look up kanji with an electronic dictionary.
v284,意味,いみ,meaning,noun,study,べんきょう,9,この言葉の意味が分かりますか。,この ことばの いみが わかりますか。,Do you understand the meaning of this word?
v285,頑張る,がんばる,to do one's best; to persevere,verb,study,べんきょう,9,明日も頑張ります。,あしたも がんばります。,I'll do my best tomorrow too.
v286,宿題,しゅくだい,homework,noun,study,べんきょう,9,宿題をしてから寝ます。,しゅくだいを してから ねます。,I go to bed after doing my homework.
v287,日記,にっき,diary,noun,study,べんきょう,9,毎晩、日記を書きます。,まいばん、にっきを かきます。,I write in my diary every night.
v288,レポート,レポート,report; paper,noun,study,べんきょう,9,今日、レポートを書きます。,きょう、れぽーとを かきます。,I will write a report today.
v289,図書館,としょかん,library,noun,study,べんきょう,9,図書館で本を読みます。,としょかんで ほんを よみます。,I read books at the library.
v290,本屋,ほんや,bookstore,noun,study,べんきょう,9,本屋で好きな本を探します。,ほんやで すきな ほんを さがします。,I look for books I like at the bookstore.
v291,練習する,れんしゅうする,to practice,verb,study,べんきょう,9,毎日、日本語を練習します。,まいにち、にほんごを れんしゅうします。,I practice Japanese every day.
v292,スピーチ,スピーチ,speech,noun,study,べんきょう,9,明日は日本語でスピーチをします。,あしたは にほんごで すぴーちを します。,"Tomorrow, I will give a speech in Japanese."
v293,覚える,おぼえる,to memorize; to remember,verb,study,べんきょう,9,新しい言葉を覚えます。,あたらしい ことばを おぼえます。,I learn new words.
v294,忘れる,わすれる,to forget,verb,study,べんきょう,9,大切な言葉は忘れません。,たいせつな ことばは わすれません。,I won't forget important words.
v295,問題,もんだい,question; problem,noun,study,べんきょう,9,この問題は少し難しいです。,この もんだいは すこし むずかしいです。,This question is a little difficult.
v296,例,れい,example,noun,study,べんきょう,9,例を一つお願いします。,れいを ひとつ おねがいします。,"One example, please."
v297,答え,こたえ,answer,noun,study,べんきょう,9,答えが分かりました。,こたえが わかりました。,I found the answer.
v298,質問する,しつもんする,to ask a question,verb,study,べんきょう,9,先生に質問します。,せんせいに しつもんします。,I ask the teacher a question.
v299,見学する,けんがくする,to observe; to visit for study,verb,study,べんきょう,9,学校を見学します。,がっこうを けんがくします。,I visit a school to observe it.
w001,働く,はたらく,to work,verb,work,はたらく,10,毎日楽しく働きたいです。,まいにち たのしく はたらきたいです。,I want to enjoy working every day.
w002,会社,かいしゃ,company; workplace,noun,work,はたらく,10,会社は駅の近くにあります。,かいしゃは えきの ちかくに あります。,The company is near the station.
w003,銀行,ぎんこう,bank,noun,work,はたらく,10,銀行は九時からです。,ぎんこうは くじからです。,The bank opens at nine.
w004,休む,やすむ,to rest; to take a day off,verb,work,はたらく,10,日曜日は家で休みます。,にちようびは いえで やすみます。,I rest at home on Sundays.
w005,休み,やすみ,rest; day off; holiday,noun,work,はたらく,10,明日は休みです。,あしたは やすみです。,Tomorrow is a day off.
w006,昼休み,ひるやすみ,lunch break,noun,work,はたらく,10,昼休みに友達と話します。,ひるやすみに ともだちと はなします。,I talk with my friends during lunch break.
w007,暇な,ひまな,free; not busy,adjective,work,はたらく,10,今日は暇なので、本を読みます。,きょうは ひまなので、ほんを よみます。,"I'm free today, so I'll read a book."
w008,忙しい,いそがしい,busy,adjective,work,はたらく,10,今週はとても忙しいです。,こんしゅうは とても いそがしいです。,I'm very busy this week.
w009,産業する,さんぎょうする,to engage in industry,verb,work,はたらく,10,今日は残業しません。,きょうは ざんぎょうしません。,I won't work overtime today.
w010,出張する,しゅっちょうする,to go on a business trip,verb,work,はたらく,10,来週、大阪へ出張します。,らいしゅう、おおさかへ しゅっちょうします。,I'm going on a business trip to Osaka next week.
w011,事務所,じむしょ,office,noun,work,はたらく,10,事務所に社長がいます。,じむしょに しゃちょうが います。,The president is in the office.
w012,工場,こうじょう,factory,noun,work,はたらく,10,父は工場で働いています。,ちちは こうじょうで はたらいて います。,My father works at a factory.
w013,受付,うけつけ,reception; reception desk,noun,work,はたらく,10,受付はあそこです。,うけつけは あそこです。,The reception desk is over there.
w014,会議,かいぎ,meeting,noun,work,はたらく,10,三時から会議があります。,さんじから かいぎが あります。,There is a meeting from three.
w015,会議室,かいぎしつ,meeting room,noun,work,はたらく,10,会議室に行きます。,かいぎしつに いきます。,I go to the meeting room.
w016,電話,でんわ,telephone; phone,noun,work,はたらく,10,会社から電話がありました。,かいしゃから でんわが ありました。,I got a call from the company.
w017,電話をかける,でんわをかける,to make a phone call,verb,work,はたらく,10,母に電話をかけます。,ははに でんわを かけます。,I call my mother.
w018,もしもし,もしもし,hello (on the phone),expression,work,はたらく,10,「もしもし、田中さんですか。」,「もしもし、たなかさんですか。」,"“Hello, is this Tanaka?”"
w019,電話番号,でんわばんごう,telephone number,noun,work,はたらく,10,電話番号を教えてください。,でんわばんごうを おしえて ください。,Please tell me your phone number.
w020,知る,しる,to know; to find out,verb,work,はたらく,10,その人の名前を知っています。,その ひとの なまえを しって います。,I know that person's name.
w021,何番,なんばん,what number,noun,work,はたらく,10,電話番号は何番ですか。,でんわばんごうは なんばんですか。,What is the phone number?
w022,教える,おしえる,to teach; to tell,verb,work,はたらく,10,仕事を教えてください。,しごとを おしえて ください。,Please teach me the job.
w023,手伝う,てつだう,to help,verb,work,はたらく,10,今日は母を手伝います。,きょうは ははを てつだいます。,I will help my mother today.
w024,作る,つくる,to make; to create,verb,work,はたらく,10,みんなで新しいものを作ります。,みんなで あたらしい ものを つくります。,We make something new together.
w025,役に立つ,やくにたつ,to be useful; to be helpful,verb,work,はたらく,10,この本は仕事に役に立ちます。,この ほんは しごとに やくに たちます。,This book is useful for work.
w026,仕事,しごと,work; job,noun,work,しごと,11,仕事のあとで友達と会います。,しごとの あとで ともだちと あいます。,I meet my friend after work.
w027,会社員,かいしゃいん,company employee,noun,work,しごと,11,兄は会社員です。,あには かいしゃいんです。,My older brother is a company employee.
w028,銀行員,ぎんこういん,bank employee,noun,work,しごと,11,姉は銀行員です。,あねは ぎんこういんです。,My older sister is a bank employee.
w029,医者,いしゃ,doctor,noun,work,しごと,11,将来、医者になりたいです。,しょうらい、いしゃに なりたいです。,I want to become a doctor someday.
w030,看護師,かんごし,nurse,noun,work,しごと,11,看護師さんはとても親切です。,かんごしさんは とても しんせつです。,The nurse is very kind.
w031,介護士,かいごし,care worker; caregiver,noun,work,しごと,11,介護士として働いています。,かいごしとして はたらいて います。,I work as a caregiver.
w032,警察官,けいさつかん,police officer,noun,work,しごと,11,あの人は警察官です。,あの ひとは けいさつかんです。,That person is a police officer.
w033,お巡りさん,おまわりさん,police officer,noun,work,しごと,11,お巡りさんに道を聞きます。,おまわりさんに みちを ききます。,I ask the police officer for directions.
w034,駅員,えきいん,station staff,noun,work,しごと,11,駅員さんに聞きます。,えきいんさんに ききます。,I ask the station staff.
w035,運転手,うんてんしゅ,driver,noun,work,しごと,11,バスの運転手さんにありがとうと言います。,ばすの うんてんしゅさんに ありがとうと いいます。,I say thank you to the bus driver.
w036,社長,しゃちょう,president; company director,noun,work,しごと,11,社長は今日会社にいます。,しゃちょうは きょう かいしゃに います。,The company president is at the office today.
w037,部長,ぶちょう,department manager,noun,work,しごと,11,部長は会議室にいます。,ぶちょうは かいぎしつに います。,The department manager is in the meeting room.
w038,課長,かちょう,section manager,noun,work,しごと,11,課長に質問します。,かちょうに しつもんします。,I ask the section manager a question.
w039,社員,しゃいん,employee; company worker,noun,work,しごと,11,会社に社員がたくさんいます。,かいしゃに しゃいんが たくさん います。,There are many employees at the company.
w040,これ,これ,this; this one,pronoun,work,これは何ですか？,12,これは私の新しいノートです。,これは わたしの あたらしい のーとです。,This is my new notebook.
w041,それ,それ,that; that one,pronoun,work,これは何ですか？,12,それ、いいですね。,それ、いいですね。,That looks nice.
w042,あれ,あれ,that over there; that one,pronoun,work,これは何ですか？,12,あれは何ですか。,あれは なんですか。,What is that over there?
w043,どれ,どれ,which; which one,pronoun,work,これは何ですか？,12,私のペンはどれですか。,わたしの ぺんは どれですか。,Which one is my pen?
w044,この,この,this; this [noun],determiner,work,これは何ですか？,12,このカードは大切です。,この かーどは たいせつです。,This card is important to me.
w045,その,その,that; that [noun],determiner,work,これは何ですか？,12,そのスマホ、きれいですね。,その すまほ、きれいですね。,That smartphone is nice.
w046,あの,あの,that over there; that [noun],determiner,work,これは何ですか？,12,あの箱の中に何がありますか。,あの はこの なかに なにが ありますか。,What's inside that box over there?
w047,どの,どの,which; which [noun],determiner,work,これは何ですか？,12,どのノートがあなたのですか。,どの のーとが あなたのですか。,Which notebook is yours?
w048,何,なに,what,pronoun,work,これは何ですか？,12,これは何ですか。,これは なんですか。,What is this?
w049,名刺,めいし,business card,noun,work,これは何ですか？,12,名刺を一枚ください。,めいしを いちまい ください。,Please give me one business card.
w050,カード,カード,card,noun,work,これは何ですか？,12,このカードを使います。,この かーどを つかいます。,I will use this card.
w051,スマホ,スマホ,smartphone,noun,work,これは何ですか？,12,スマホで写真を見ます。,すまほで しゃしんを みます。,I look at photos on my smartphone.
w052,電池,でんち,battery,noun,work,これは何ですか？,12,スマホの電池がありません。,すまほの でんちが ありません。,My phone has no battery.
w053,ノート,ノート,notebook,noun,work,これは何ですか？,12,ノートに好きな言葉を書きます。,のーとに すきな ことばを かきます。,I write words I like in my notebook.
w054,紙,かみ,paper,noun,work,これは何ですか？,12,紙に夢を書きます。,かみに ゆめを かきます。,I write my dreams on paper.
w055,手帳,てちょう,notebook; planner,noun,work,これは何ですか？,12,手帳に予定を書きます。,てちょうに よていを かきます。,I write my plans in my planner.
w056,ボールペン,ボールペン,ballpoint pen,noun,work,これは何ですか？,12,青いボールペンで名前を書きます。,あおい ぼーるぺんで なまえを かきます。,I write my name with a blue ballpoint pen.
w057,シャープペンシル,シャープペンシル,mechanical pencil,noun,work,これは何ですか？,12,シャープペンシルで絵を描きます。,しゃーぷぺんしるで えを かきます。,I draw a picture with a mechanical pencil.
w058,鉛筆,えんぴつ,pencil,noun,work,これは何ですか？,12,鉛筆で星を描きます。,えんぴつで ほしを かきます。,I draw a star with a pencil.
w059,消しゴム,けしゴム,eraser,noun,work,これは何ですか？,12,消しゴムで間違いを消します。,けしごむで まちがいを けします。,I erase mistakes with an eraser.
w060,パンチ,パンチ,hole punch,noun,work,これは何ですか？,12,パンチで紙に穴をあけます。,ぱんちで かみに あなを あけます。,I punch a hole in the paper.
w061,ホッチキス,ホッチキス,stapler,noun,work,これは何ですか？,12,ホッチキスで紙をとめます。,ほっちきすで かみを とめます。,I staple the papers together.
w062,セロテープ,セロテープ,cellophane tape; clear tape,noun,work,これは何ですか？,12,セロテープで箱をとめます。,せろてーぷで はこを とめます。,I seal the box with tape.
w063,はさみ,はさみ,scissors,noun,work,これは何ですか？,12,はさみで紙を切ります。,はさみで かみを きります。,I cut paper with scissors.
w064,箱,はこ,box,noun,work,これは何ですか？,12,箱の中に小さなカードがあります。,はこの なかに ちいさな かーどが あります。,There is a small card inside the box.
w065,コンピューター,コンピューター,computer,noun,work,これは何ですか？,12,コンピューターで音楽を聞きます。,こんぴゅーたーで おんがくを ききます。,I listen to music on a computer.
w066,パソコン,パソコン,personal computer; PC,noun,work,これは何ですか？,12,パソコンで毎日日記を書きます。,ぱそこんで まいにち にっきを かきます。,I write in my diary on my computer every day.
w067,インターネット,インターネット,internet,noun,work,これは何ですか？,12,インターネットで日本語を勉強します。,いんたーねっとで にほんごを べんきょうします。,I study Japanese on the internet.
w068,資料,しりょう,materials; documents,noun,work,これは何ですか？,12,この資料を見てください。,この しりょうを みて ください。,Please look at these materials.
w069,切る,きる,to cut,verb,work,これは何ですか？,12,はさみで紙を切ります。,はさみで かみを きります。,I cut paper with scissors.
w070,机,つくえ,desk; table,noun,work,これは何ですか？,12,机の上にノートがあります。,つくえの うえに のーとが あります。,There is a notebook on the desk.
w071,何こ,なんこ,how many pieces; how many items,counter,work,何こありますか?,13,箱の中にりんごが何こありますか。,はこの なかに りんごが なんこ ありますか。,How many apples are in the box?
w072,～こ,～こ,[number] pieces; [number] items,suffix,work,何こありますか?,13,りんごを三こ買いました。,りんごを さんこ かいました。,I bought three apples.
w073,一こ,いっこ,one piece; one item,counter,work,何こありますか?,13,りんごを一こ食べます。,りんごを いっこ たべます。,I eat one apple.
w074,二こ,にこ,two pieces; two items,counter,work,何こありますか?,13,クッキーを二こください。,くっきーを にこ ください。,"Two cookies, please."
w075,三こ,さんこ,three pieces; three items,counter,work,何こありますか?,13,箱に三こあります。,はこに さんこ あります。,There are three in the box.
w076,四こ,よんこ,four pieces; four items,counter,work,何こありますか?,13,りんごを四こ買いました。,りんごを よんこ かいました。,I bought four apples.
w077,五こ,ごこ,five pieces; five items,counter,work,何こありますか?,13,たまごを五こ使います。,たまごを ごこ つかいます。,I use five eggs.
w078,六こ,ろっこ,six pieces; six items,counter,work,何こありますか?,13,箱に六こあります。,はこに ろっこ あります。,There are six in the box.
w079,七こ,ななこ,seven pieces; seven items,counter,work,何こありますか?,13,小さな箱が七こあります。,ちいさな はこが ななこ あります。,There are seven small boxes.
w080,八こ,はっこ,eight pieces; eight items,counter,work,何こありますか?,13,クッキーを八こ作ります。,くっきーを はっこ つくります。,I make eight cookies.
w081,九こ,きゅうこ,nine pieces; nine items,counter,work,何こありますか?,13,りんごを九こ買いました。,りんごを きゅうこ かいました。,I bought nine apples.
w082,十こ,じゅっこ,ten pieces; ten items,counter,work,何こありますか?,13,お菓子を十こ作りました。,おかしを じゅっこ つくりました。,I made ten sweets.
w083,何台,なんだい,how many machines/vehicles,counter,work,何こありますか?,13,会社にパソコンが何台ありますか。,かいしゃに ぱそこんが なんだい ありますか。,How many computers are there at the company?
w084,～台,～だい,[number] machines/vehicles,suffix,work,何こありますか?,13,車が三台あります。,くるまが さんだい あります。,There are three cars.
w085,一台,いちだい,one machine/vehicle,counter,work,何こありますか?,13,パソコンが一台あります。,ぱそこんが いちだい あります。,There is one computer.
w086,二台,にだい,two machines/vehicles,counter,work,何こありますか?,13,会社にパソコンが二台あります。,かいしゃに ぱそこんが にだい あります。,There are two computers at the company.
w087,三台,さんだい,three machines/vehicles,counter,work,何こありますか?,13,車が三台あります。,くるまが さんだい あります。,There are three cars.
w088,四台,よんだい,four machines/vehicles,counter,work,何こありますか?,13,会社にプリンターが四台あります。,かいしゃに ぷりんたーが よんだい あります。,There are four printers at the company.
w089,五台,ごだい,five machines/vehicles,counter,work,何こありますか?,13,店に自転車が五台あります。,みせに じてんしゃが ごだい あります。,There are five bicycles at the shop.
w090,六台,ろくだい,six machines/vehicles,counter,work,何こありますか?,13,駐車場に車が六台あります。,ちゅうしゃじょうに くるまが ろくだい あります。,There are six cars in the parking lot.
w091,七台,ななだい,seven machines/vehicles,counter,work,何こありますか?,13,家にコンピューターが七台あります。,いえに こんぴゅーたーが ななだい あります。,There are seven computers at home.
w092,八台,はちだい,eight machines/vehicles,counter,work,何こありますか?,13,店に車が八台あります。,みせに くるまが はちだい あります。,There are eight cars at the shop.
w093,九台,きゅうだい,nine machines/vehicles,counter,work,何こありますか?,13,駐車場に車が九台あります。,ちゅうしゃじょうに くるまが きゅうだい あります。,There are nine cars in the parking lot.
w094,十台,じゅうだい,ten machines/vehicles,counter,work,何こありますか?,13,駅の前にバスが十台あります。,えきの まえに ばすが じゅうだい あります。,There are ten buses in front of the station.
w095,時間,じかん,time; hours,noun,work,時間,14,時間は大切です。,じかんは たいせつです。,Time is precious.
w096,何時,なんじ,what time,counter,work,時間,14,今、何時ですか。,いま、なんじですか。,What time is it now?
w097,何分,なんぷん,how many minutes,counter,work,時間,14,駅まで何分ですか。,えきまで なんぷんですか。,How many minutes is it to the station?
w098,～時,～じ,[number] o'clock,suffix,work,時間,14,七時に起きます。,しちじに おきます。,I wake up at seven.
w099,一時,いちじ,one o'clock,counter,work,時間,14,一時に昼ご飯を食べます。,いちじに ひるごはんを たべます。,I eat lunch at one.
w100,二時,にじ,two o'clock,counter,work,時間,14,二時に友達に会います。,にじに ともだちに あいます。,I meet my friend at two.
w101,三時,さんじ,three o'clock,counter,work,時間,14,三時に休みます。,さんじに やすみます。,I take a break at three.
w102,四時,よじ,four o'clock,counter,work,時間,14,四時に家へ帰ります。,よじに いえへ かえります。,I go home at four.
w103,五時,ごじ,five o'clock,counter,work,時間,14,五時の空が好きです。,ごじの そらが すきです。,I like the five-o'clock sky.
w104,六時,ろくじ,six o'clock,counter,work,時間,14,六時に朝ご飯を食べます。,ろくじに あさごはんを たべます。,I eat breakfast at six.
w105,七時,しちじ,seven o'clock,counter,work,時間,14,七時の駅は人が多いです。,しちじの えきは ひとが おおいです。,The station is crowded at seven.
w106,八時,はちじ,eight o'clock,counter,work,時間,14,八時から仕事です。,はちじから しごとです。,Work starts at eight.
w107,九時,くじ,nine o'clock,counter,work,時間,14,九時に本を読みます。,くじに ほんを よみます。,I read a book at nine.
w108,十時,じゅうじ,ten o'clock,counter,work,時間,14,十時になりました。,じゅうじに なりました。,It has become ten o'clock.
w109,十一時,じゅういちじ,eleven o'clock,counter,work,時間,14,十一時まで勉強します。,じゅういちじまで べんきょうします。,I study until eleven.
w110,十二時,じゅうにじ,twelve o'clock,counter,work,時間,14,十二時になりました。もう寝ます。,じゅうにじに なりました。もう ねます。,It's twelve o'clock. I'm going to bed now.
w111,～分,～ふん/～ぷん,[number] minutes,suffix,work,時間,14,五分だけ待ってください。,ごふんだけ まって ください。,Please wait just five minutes.
w112,一分,いっぷん,one minute,counter,work,時間,14,一分だけ時間があります。,いっぷんだけ じかんが あります。,I have just one minute.
w113,二分,にふん,two minutes,counter,work,時間,14,二分歩いて、駅に着きます。,にふん あるいて、えきに つきます。,I walk for two minutes and arrive at the station.
w114,三分,さんぷん,three minutes,counter,work,時間,14,三分だけ休みます。,さんぷんだけ やすみます。,I'll rest for just three minutes.
w115,四分,よんぷん,four minutes,counter,work,時間,14,四分待ちました。,よんぷん まちました。,I waited for four minutes.
w116,五分,ごふん,five minutes,counter,work,時間,14,五分でも大切な時間です。,ごふんでも たいせつな じかんです。,Even five minutes is precious time.
w117,六分,ろっぷん,six minutes,counter,work,時間,14,六分歩いて、家に帰ります。,ろっぷん あるいて、いえに かえります。,I walk for six minutes and go home.
w118,七分,ななふん,seven minutes,counter,work,時間,14,七分ぐらい待ちます。,ななふん ぐらい まちます。,I'll wait about seven minutes.
w119,八分,はっぷん,eight minutes,counter,work,時間,14,八分だけ本を読みます。,はっぷんだけ ほんを よみます。,I'll read for just eight minutes.
w120,九分,きゅうふん,nine minutes,counter,work,時間,14,九分ぐらい歩きます。,きゅうふん ぐらい あるきます。,I'll walk for about nine minutes.
w121,十分,じゅっぷん,ten minutes,counter,work,時間,14,十分あればできます。,じゅっぷん あれば できます。,"If I have ten minutes, I can do it."
w122,十一分,じゅういっぷん,eleven minutes,counter,work,時間,14,十一分待ちました。,じゅういっぷん まちました。,I waited for eleven minutes.
w123,十二分,じゅうにふん,twelve minutes,counter,work,時間,14,十二分歩いて、駅に着きました。,じゅうにふん あるいて、えきに つきました。,I walked for twelve minutes and arrived at the station.
w124,十五分,じゅうごふん,fifteen minutes,counter,work,時間,14,十五分だけ話しませんか。,じゅうごふんだけ はなしませんか。,Shall we talk for just fifteen minutes?
w125,二十分,にじゅっぷん,twenty minutes,counter,work,時間,14,二十分本を読みました。,にじゅっぷん ほんを よみました。,I read for twenty minutes.
w126,三十分,さんじゅっぷん,thirty minutes,counter,work,時間,14,三十分歩きました。,さんじゅっぷん あるきました。,I walked for thirty minutes.
w127,四十分,よんじゅっぷん,forty minutes,counter,work,時間,14,四十分勉強しました。,よんじゅっぷん べんきょうしました。,I studied for forty minutes.
w128,四十五分,よんじゅうごふん,forty-five minutes,counter,work,時間,14,四十五分待ちました。,よんじゅうごふん まちました。,I waited for forty-five minutes.
w129,五十分,ごじゅっぷん,fifty minutes,counter,work,時間,14,五十分ぐらいかかります。,ごじゅっぷん ぐらい かかります。,It takes about fifty minutes.
w130,半,はん,half; half past,suffix,work,時間,14,今、九時半です。,いま、くじはんです。,It's half past nine now.
w131,～ごろ,～ごろ,around; approximately,suffix,work,時間,14,七時ごろに家へ帰ります。,しちじごろに いえへ かえります。,I'll go home around seven.
w132,午前,ごぜん,a.m.; morning,noun,work,時間,14,午前の空が好きです。,ごぜんの そらが すきです。,I like the morning sky.
w133,午後,ごご,p.m.; afternoon,noun,work,時間,14,午後は少し休みます。,ごごは すこし やすみます。,I rest a little in the afternoon.
w134,今,いま,now,noun,work,時間,14,今を大切にしたいです。,いまを たいせつに したいです。,I want to cherish the present.
w135,～ぐらい,～ぐらい,about; approximately,suffix,work,時間,14,十分ぐらい休みます。,じゅっぷん ぐらい やすみます。,I'll rest for about ten minutes.
w136,何時間,なんじかん,how many hours,counter,work,時間,14,何時間寝ましたか。,なんじかん ねましたか。,How many hours did you sleep?
w137,～から,～から,from; since,suffix,work,時間,14,九時から仕事です。,くじから しごとです。,Work starts at nine.
w138,～まで,～まで,until; up to,suffix,work,時間,14,今日も夜まで頑張ります。,きょうも よるまで がんばります。,I'll keep doing my best until tonight too.
w139,～番,～ばん,[number] number; order,suffix,work,数え方,15,私の番号は三番です。,わたしの ばんごうは さんばんです。,My number is three.
w140,～枚,～まい,[number] flat objects,suffix,work,数え方,15,紙を二枚ください。,かみを にまい ください。,"Two sheets of paper, please."
w141,～台,～だい,[number] machines/vehicles,suffix,work,数え方,15,車が二台あります。,くるまが にだい あります。,There are two cars.
w142,～冊,～さつ,[number] bound books/volumes,suffix,work,数え方,15,本を三冊読みました。,ほんを さんさつ よみました。,I read three books.
w143,～回,～かい,[number] times,suffix,work,数え方,15,この歌を三回聞きました。,この うたを さんかい ききました。,I listened to this song three times.
w144,～本,～ほん,[number] long cylindrical objects,suffix,work,数え方,15,ペンを二本買いました。,ぺんを にほん かいました。,I bought two pens.
w145,～杯,～はい,[number] cups/glasses,suffix,work,数え方,15,水を一杯飲みます。,みずを いっぱい のみます。,I drink a glass of water.
f001,友達,ともだち,friend,noun,friend,どんな人?,16,友達と笑う時間が好きです。,ともだちと わらう じかんが すきです。,I like the time I spend laughing with my friends.
f002,どんな,どんな,what kind of; what sort of,determiner,friend,どんな人?,16,あなたはどんな人ですか。,あなたは どんな ひとですか。,What kind of person are you?
f003,人,ひと,person; people,noun,friend,どんな人?,16,大切な人がいます。,たいせつな ひとが います。,There is someone important to me.
f004,親切な,しんせつな,kind; helpful,adjective,friend,どんな人?,16,あの人はとても親切です。,あの ひとは とても しんせつです。,That person is very kind.
f005,みんな,みんな,everyone; everybody,pronoun,friend,どんな人?,16,みんなで写真を撮ります。,みんなで しゃしんを とります。,We all take a picture together.
f006,元気な,げんきな,healthy; energetic; well,adjective,friend,どんな人?,16,いつも元気な友達がいます。,いつも げんきな ともだちが います。,I have a friend who is always cheerful.
f007,きれいな,きれいな,pretty; beautiful; clean,adjective,friend,どんな人?,16,きれいな目をしています。,きれいな めを して います。,They have beautiful eyes.
f008,ハンサムな,はんさむな,handsome,adjective,friend,どんな人?,16,あの人はハンサムです。,あの ひとは はんさむです。,That person is handsome.
f009,かわいい,かわいい,cute; adorable,adjective,friend,どんな人?,16,その子はとてもかわいいです。,その こは とても かわいいです。,That child is very cute.
f010,かっこいい,かっこいい,cool; good-looking,adjective,friend,どんな人?,16,あの人はかっこいいです。,あの ひとは かっこいいです。,That person is cool.
f011,頭がいい,あたまがいい,smart; clever,expression,friend,どんな人?,16,彼は頭がいいです。,かれは あたまが いいです。,He is smart.
f012,優しい,やさしい,kind; gentle,adjective,friend,どんな人?,16,私の友達は優しいです。,わたしの ともだちは やさしいです。,My friend is kind.
f013,ユーモア,ゆーもあ,humor,noun,friend,どんな人?,16,あの人はユーモアがあります。,あの ひとは ゆーもあが あります。,That person has a sense of humor.
f014,背,せ,height; stature,noun,friend,どんな人?,16,彼は背が高いです。,かれは せが たかいです。,He is tall.
f015,高い,たかい,tall; high; expensive,adjective,friend,どんな人?,16,私より兄のほうが背が高いです。,わたしより あにの ほうが せが たかいです。,My older brother is taller than me.
f016,低い,ひくい,short; low,adjective,friend,どんな人?,16,私は背が低いです。,わたしは せが ひくいです。,I am short.
f017,目,め,eye,noun,friend,どんな人?,16,その人の目が好きです。,その ひとの めが すきです。,I like that person's eyes.
f018,大きい,おおきい,big; large,adjective,friend,どんな人?,16,彼は大きい目をしています。,かれは おおきい めを して います。,He has big eyes.
f019,小さい,ちいさい,small; little,adjective,friend,どんな人?,16,小さい目で笑います。,ちいさい めで わらいます。,They smile with their small eyes.
f020,髪,かみ,hair,noun,friend,どんな人?,16,髪が長いですね。,かみが ながいですね。,Your hair is long.
f021,長い,ながい,long,adjective,friend,どんな人?,16,私は髪が長いです。,わたしは かみが ながいです。,I have long hair.
f022,短い,みじかい,short,adjective,friend,どんな人?,16,彼は髪が短いです。,かれは かみが みじかいです。,He has short hair.
f023,服,ふく,clothes; clothing,noun,friend,シャツを着ています,17,この服を着て、出かけたいです。,この ふくを きて、でかけたいです。,I want to put on these clothes and go out.
f024,サイズ,さいず,size,noun,friend,シャツを着ています,17,このシャツのサイズはちょうどいいです。,この しゃつの さいずは ちょうど いいです。,This shirt is just the right size.
f025,素敵な,すてきな,wonderful; lovely; nice,adjective,friend,シャツを着ています,17,素敵な服を見つけました。,すてきな ふくを みつけました。,I found a lovely outfit.
f026,デザイン,でざいん,design,noun,friend,シャツを着ています,17,このデザインが好きです。,この でざいんが すきです。,I like this design.
f027,着る,きる,to wear; to put on,verb,friend,シャツを着ています,17,新しい服を着て、写真を撮ります。,あたらしい ふくを きて、しゃしんを とります。,I put on new clothes and take a picture.
f028,脱ぐ,ぬぐ,to take off clothes,verb,friend,シャツを着ています,17,家に帰って、コートを脱ぎます。,いえに かえって、こーとを ぬぎます。,I go home and take off my coat.
f029,赤い,あかい,red,adjective,friend,シャツを着ています,17,赤い服を着たいです。,あかい ふくを きたいです。,I want to wear red clothes.
f030,青い,あおい,blue,adjective,friend,シャツを着ています,17,青い空に青い服がよく似合います。,あおい そらに あおい ふくが よく にあいます。,Blue clothes look good under the blue sky.
f031,白い,しろい,white,adjective,friend,シャツを着ています,17,白いシャツを着て歩きます。,しろい しゃつを きて あるきます。,I walk wearing a white shirt.
f032,黒い,くろい,black,adjective,friend,シャツを着ています,17,黒いコートが好きです。,くろい こーとが すきです。,I like black coats.
f033,黄色い,きいろい,yellow,adjective,friend,シャツを着ています,17,黄色い服は明るく見えます。,きいろい ふくは あかるく みえます。,Yellow clothes look bright.
f034,いろいろな,いろいろな,various; different kinds of,adjective,friend,シャツを着ています,17,いろいろな服を見ました。,いろいろな ふくを みました。,I looked at various clothes.
f035,シャツ,しゃつ,shirt,noun,friend,シャツを着ています,17,今日は白いシャツを着ます。,きょうは しろい しゃつを きます。,I'm wearing a white shirt today.
f036,セーター,せーたー,sweater,noun,friend,シャツを着ています,17,寒い日はセーターを着ます。,さむい ひは せーたーを きます。,I wear a sweater on cold days.
f037,コート,こーと,coat,noun,friend,シャツを着ています,17,冬はいつもコートを着ます。,ふゆは いつも こーとを きます。,I always wear a coat in winter.
f038,スーツ,すーつ,suit,noun,friend,シャツを着ています,17,今日はスーツを着ます。,きょうは すーつを きます。,I'm wearing a suit today.
f039,上着,うわぎ,jacket; outerwear,noun,friend,シャツを着ています,17,上着を持って行きます。,うわぎを もって いきます。,I'll take a jacket with me.
f040,下着,したぎ,underwear,noun,friend,シャツを着ています,17,旅行に下着を持って行きます。,りょこうに したぎを もって いきます。,I take underwear with me on the trip.
f041,着物,きもの,kimono; traditional Japanese clothing,noun,friend,シャツを着ています,17,お祭りで着物を着たいです。,おまつりで きものを きたいです。,I want to wear a kimono at the festival.
f042,履く,はく,to wear; to put on (shoes; trousers; skirts),verb,friend,スカートをはきます,18,新しい靴を履きます。,あたらしい くつを はきます。,I put on new shoes.
f043,ズボン,ずぼん,trousers; pants,noun,friend,スカートをはきます,18,黒いズボンを履いています。,くろい ずぼんを はいて います。,I'm wearing black pants.
f044,ジーンズ,じーんず,jeans,noun,friend,スカートをはきます,18,ジーンズを履いて出かけます。,じーんずを はいて でかけます。,I put on jeans and go out.
f045,パンツ,ぱんつ,pants; underwear,noun,friend,スカートをはきます,18,新しいパンツを買いました。,あたらしい ぱんつを かいました。,I bought new underwear.
f046,スカート,すかーと,skirt,noun,friend,スカートをはきます,18,今日はスカートを履きます。,きょうは すかーとを はきます。,I'm wearing a skirt today.
f047,靴,くつ,shoes,noun,friend,スカートをはきます,18,新しい靴で歩きたいです。,あたらしい くつで あるきたいです。,I want to walk in my new shoes.
f048,靴下,くつした,socks,noun,friend,スカートをはきます,18,靴下を二足買いました。,くつしたを にそく かいました。,I bought two pairs of socks.
f049,かぶる,かぶる,to put on; to wear (on the head),verb,friend,スカートをはきます,18,帽子をかぶって出かけます。,ぼうしを かぶって でかけます。,I put on a hat and go out.
f050,帽子,ぼうし,hat; cap,noun,friend,スカートをはきます,18,赤い帽子をかぶっています。,あかい ぼうしを かぶって います。,I'm wearing a red hat.
f051,眼鏡をかける,めがねをかける,to wear glasses,verb,friend,スカートをはきます,18,朝、眼鏡をかけます。,あさ、めがねを かけます。,I put on my glasses in the morning.
f052,眼鏡,めがね,glasses,noun,friend,スカートをはきます,18,眼鏡をかけると、本がよく見えます。,めがねを かけると、ほんが よく みえます。,"When I put on my glasses, I can see the book well."
f053,サングラス,さんぐらす,sunglasses,noun,friend,スカートをはきます,18,夏はサングラスをかけます。,なつは さんぐらすを かけます。,I wear sunglasses in summer.
f054,指輪をする,ゆびわをする,to wear a ring,verb,friend,スカートをはきます,18,大切な指輪をしています。,たいせつな ゆびわを して います。,I'm wearing an important ring.
f055,ネクタイ,ねくたい,necktie,noun,friend,スカートをはきます,18,父は毎朝ネクタイをします。,ちちは まいあさ ねくたいを します。,My father puts on a tie every morning.
f056,指輪,ゆびわ,ring,noun,friend,スカートをはきます,18,この指輪は母からもらいました。,この ゆびわは ははから もらいました。,I got this ring from my mother.
f057,時計,とけい,watch; clock,noun,friend,スカートをはきます,18,時計を見ました。もう帰る時間です。,とけいを みました。もう かえる じかんです。,I looked at the clock. It's already time to go home.
f058,持つ,もつ,to have; to hold; to carry,verb,friend,スカートをはきます,18,かばんを持って歩きます。,かばんを もって あるきます。,I walk carrying a bag.
f059,かばん,かばん,bag,noun,friend,スカートをはきます,18,かばんの中に本があります。,かばんの なかに ほんが あります。,There is a book in my bag.
f060,財布,さいふ,wallet,noun,friend,スカートをはきます,18,財布を忘れました。,さいふを わすれました。,I forgot my wallet.
f061,遊ぶ,あそぶ,to play; to hang out; to spend time,verb,friend,あそぶ,19,今日は友達と遊びます。,きょうは ともだちと あそびます。,I'm hanging out with my friend today.
f062,案内する,あんないする,to guide; to show around,verb,friend,あそぶ,19,友達を町へ案内します。,ともだちを まちへ あんないします。,I'll show my friend around town.
f063,迎える,むかえる,to pick up; to welcome,verb,friend,あそぶ,19,駅で友達を迎えます。,えきで ともだちを むかえます。,I'll meet my friend at the station.
f064,連れて行く,つれていく,to take someone along; to take someone somewhere,verb,friend,あそぶ,19,友達を好きな店へ連れて行きます。,ともだちを すきな みせへ つれて いきます。,I'll take my friend to my favorite shop.
f065,連れて来る,つれてくる,to bring someone along; to bring someone here,verb,friend,あそぶ,19,明日は友達を連れて来ます。,あしたは ともだちを つれて きます。,I'll bring my friend tomorrow.
f066,動物,どうぶつ,animal,noun,friend,あそぶ,19,動物と一緒にいると楽しいです。,どうぶつと いっしょに いると たのしいです。,It's fun being with animals.
f067,動物園,どうぶつえん,zoo,noun,friend,あそぶ,19,友達と動物園へ行きました。,ともだちと どうぶつえんへ いきました。,I went to the zoo with my friend.
f068,パンダ,ぱんだ,panda,noun,friend,あそぶ,19,パンダを見に行きたいです。,ぱんだを みに いきたいです。,I want to go see pandas.
f069,象,ぞう,elephant,noun,friend,あそぶ,19,象は大きいですね。,ぞうは おおきいですね。,"Elephants are big, aren't they?"
f070,馬,うま,horse,noun,friend,あそぶ,19,馬と一緒に写真を撮りました。,うまと いっしょに しゃしんを とりました。,I took a picture with a horse.
f071,お祭り,おまつり,festival,noun,friend,あそぶ,19,夏のお祭りが好きです。,なつの おまつりが すきです。,I like summer festivals.
f072,お寺,おてら,Buddhist temple,noun,friend,あそぶ,19,朝、お寺へ行きました。,あさ、おてらへ いきました。,I went to a temple in the morning.
f073,神社,じんじゃ,Shinto shrine,noun,friend,あそぶ,19,神社で写真を撮りました。,じんじゃで しゃしんを とりました。,I took a picture at a shrine.
f074,旅行する,りょこうする,to travel; to take a trip,verb,friend,あそぶ,19,いつか日本を旅行したいです。,いつか にほんを りょこうしたいです。,"Someday, I want to travel around Japan."
f075,予約する,よやくする,to reserve; to make a reservation,verb,friend,あそぶ,19,ホテルを予約しました。,ほてるを よやくしました。,I booked a hotel.
f076,ホテル,ほてる,hotel,noun,friend,あそぶ,19,小さなホテルに泊まります。,ちいさな ほてるに とまります。,I'm staying at a small hotel.
f077,泊まる,とまる,to stay overnight; to stay at a hotel,verb,friend,あそぶ,19,友達とホテルに泊まります。,ともだちと ほてるに とまります。,I'm staying at a hotel with my friend.
f078,ロビー,ろびー,lobby,noun,friend,あそぶ,19,ホテルのロビーで友達を待ちます。,ほてるの ろびーで ともだちを まちます。,I wait for my friend in the hotel lobby.
f079,お土産,おみやげ,souvenir; gift,noun,friend,あそぶ,19,友達にお土産を買いました。,ともだちに おみやげを かいました。,I bought a souvenir for my friend.
f080,サービス,さーびす,service,noun,friend,あそぶ,19,このホテルはサービスがいいです。,この ほてるは さーびすが いいです。,This hotel has good service.
f081,ホームステイする,ほーむすていする,to do a homestay,verb,friend,あそぶ,19,日本でホームステイしたいです。,にほんで ほーむすていしたいです。,I want to do a homestay in Japan.
f082,町,まち,town; city,noun,friend,町,20,この町が好きです。,この まちが すきです。,I like this town.
f083,県,けん,prefecture,noun,friend,町,20,私の県は海がきれいです。,わたしの けんは うみが きれいです。,The sea in my prefecture is beautiful.
f084,東京,とうきょう,Tokyo,proper_noun,friend,町,20,東京へ行きたいです。,とうきょうへ いきたいです。,I want to go to Tokyo.
f085,成田,なりた,Narita,proper_noun,friend,町,20,成田から東京へ行きます。,なりたから とうきょうへ いきます。,I go from Narita to Tokyo.
f086,上野,うえの,Ueno,proper_noun,friend,町,20,上野で友達と会います。,うえので ともだちと あいます。,I meet my friend in Ueno.
f087,浅草,あさくさ,Asakusa,proper_noun,friend,町,20,浅草のお寺へ行きました。,あさくさの おてらへ いきました。,I went to a temple in Asakusa.
f088,新宿,しんじゅく,Shinjuku,proper_noun,friend,町,20,新宿で晩ご飯を食べます。,しんじゅくで ばんごはんを たべます。,I have dinner in Shinjuku.
f089,秋葉原,あきはばら,Akihabara,proper_noun,friend,町,20,秋葉原でゲームを見ます。,あきはばらで げーむを みます。,I look at games in Akihabara.
f090,渋谷,しぶや,Shibuya,proper_noun,friend,町,20,渋谷の町を歩きます。,しぶやの まちを あるきます。,I walk around Shibuya.
f091,銀座,ぎんざ,Ginza,proper_noun,friend,町,20,銀座で買い物をします。,ぎんざで かいものを します。,I go shopping in Ginza.
f092,鎌倉,かまくら,Kamakura,proper_noun,friend,町,20,鎌倉へ行って、お寺を見ます。,かまくらへ いって、おてらを みます。,I go to Kamakura and see the temples.
f093,横浜,よこはま,Yokohama,proper_noun,friend,町,20,横浜の海を見たいです。,よこはまの うみを みたいです。,I want to see the sea in Yokohama.
f094,羽田,はねだ,Haneda,proper_noun,friend,町,20,羽田から家へ帰ります。,はねだから いえへ かえります。,I go home from Haneda.
f095,北海道,ほっかいどう,Hokkaido,proper_noun,friend,町,20,北海道へ旅行したいです。,ほっかいどうへ りょこうしたいです。,I want to travel to Hokkaido.
f096,札幌,さっぽろ,Sapporo,proper_noun,friend,町,20,札幌でラーメンを食べたいです。,さっぽろで らーめんを たべたいです。,I want to eat ramen in Sapporo.
f097,仙台,せんだい,Sendai,proper_noun,friend,町,20,仙台へ行ったことがあります。,せんだいへ いった ことが あります。,I have been to Sendai.
f098,日光,にっこう,Nikko,proper_noun,friend,町,20,日光のお寺を見たいです。,にっこうの おてらを みたいです。,I want to see the temples in Nikko.
f099,富士山,ふじさん,Mount Fuji,proper_noun,friend,町,20,富士山が見たいです。,ふじさんが みたいです。,I want to see Mount Fuji.
f100,金沢,かなざわ,Kanazawa,proper_noun,friend,町,20,金沢でお寿司を食べます。,かなざわで おすしを たべます。,I eat sushi in Kanazawa.
f101,名古屋,なごや,Nagoya,proper_noun,friend,町,20,名古屋で友達に会います。,なごやで ともだちに あいます。,I meet my friend in Nagoya.
f102,京都,きょうと,Kyoto,proper_noun,friend,町,20,京都のお寺が好きです。,きょうとの おてらが すきです。,I like the temples in Kyoto.
f103,奈良,なら,Nara,proper_noun,friend,町,20,奈良で鹿を見たいです。,ならで しかを みたいです。,I want to see deer in Nara.
f104,大阪,おおさか,Osaka,proper_noun,friend,町,20,大阪でたこ焼きを食べたいです。,おおさかで たこやきを たべたいです。,I want to eat takoyaki in Osaka.
f105,神戸,こうべ,Kobe,proper_noun,friend,町,20,神戸の町を歩きます。,こうべの まちを あるきます。,I walk around Kobe.
f106,広島,ひろしま,Hiroshima,proper_noun,friend,町,20,広島へ行ってみたいです。,ひろしまへ いって みたいです。,I want to try going to Hiroshima.
f107,福岡,ふくおか,Fukuoka,proper_noun,friend,町,20,福岡でラーメンを食べました。,ふくおかで らーめんを たべました。,I ate ramen in Fukuoka.
f108,長崎,ながさき,Nagasaki,proper_noun,friend,町,20,長崎の町を見たいです。,ながさきの まちを みたいです。,I want to see the city of Nagasaki.
f109,沖縄,おきなわ,Okinawa,proper_noun,friend,町,20,沖縄の海で泳ぎたいです。,おきなわの うみで およぎたいです。,I want to swim in the sea in Okinawa.
m001,朝,あさ,morning,noun,todays_meal,"あさ,よる",21,朝は静かです。,あさは しずかです。,Mornings are quiet.
m002,昼,ひる,noon; daytime,noun,todays_meal,"あさ,よる",21,昼は友達とご飯を食べます。,ひるは ともだちと ごはんを たべます。,I eat lunch with my friends.
m003,夜,よる,night; evening,noun,todays_meal,"あさ,よる",21,夜の町を歩きます。,よるの まちを あるきます。,I walk around the town at night.
m004,毎朝,まいあさ,every morning,noun,todays_meal,"あさ,よる",21,毎朝、窓を開けます。,まいあさ、まどを あけます。,I open the window every morning.
m005,毎晩,まいばん,every night,noun,todays_meal,"あさ,よる",21,毎晩、本を読みます。,まいばん、ほんを よみます。,I read a book every night.
m006,今朝,けさ,this morning,noun,todays_meal,"あさ,よる",21,今朝はパンを食べました。,けさは ぱんを たべました。,I had bread this morning.
m007,今晩,こんばん,tonight; this evening,noun,todays_meal,"あさ,よる",21,今晩、友達と話します。,こんばん、ともだちと はなします。,I'll talk with my friend tonight.
m008,起きる,おきる,to get up; to wake up,verb,todays_meal,"あさ,よる",21,毎朝七時に起きます。,まいあさ しちじに おきます。,I wake up at seven every morning.
m009,寝る,ねる,to sleep; to go to bed,verb,todays_meal,"あさ,よる",21,夜十一時に寝ます。,よる じゅういちじに ねます。,I go to bed at eleven at night.
m010,見る,みる,to see; to watch,verb,todays_meal,"あさ,よる",21,朝、ニュースを見ます。,あさ、にゅーすを みます。,I watch the news in the morning.
m011,ニュース,にゅーす,news,noun,todays_meal,"あさ,よる",21,朝のニュースを見ます。,あさの にゅーすを みます。,I watch the morning news.
m012,ラジオ,らじお,radio,noun,todays_meal,"あさ,よる",21,夜、ラジオを聞きます。,よる、らじおを ききます。,I listen to the radio at night.
m013,テレビ,てれび,television; TV,noun,todays_meal,"あさ,よる",21,晩ご飯のあとでテレビを見ます。,ばんごはんの あとで てれびを みます。,I watch TV after dinner.
m014,早い,はやい,early; fast,adjective,todays_meal,"あさ,よる",21,今日は起きるのが早いです。,きょうは おきるのが はやいです。,I woke up early today.
m015,遅い,おそい,late; slow,adjective,todays_meal,"あさ,よる",21,今日は寝るのが遅いです。,きょうは ねるのが おそいです。,I'm going to bed late today.
m016,鏡,かがみ,mirror,noun,todays_meal,"あさ,よる",21,朝、鏡を見ます。,あさ、かがみを みます。,I look in the mirror in the morning.
m017,顔,かお,face,noun,todays_meal,"あさ,よる",21,朝、顔を洗います。,あさ、かおを あらいます。,I wash my face in the morning.
m018,洗う,あらう,to wash,verb,todays_meal,"あさ,よる",21,朝、顔を洗います。,あさ、かおを あらいます。,I wash my face in the morning.
m019,お風呂,おふろ,bath; bathtub,noun,todays_meal,"あさ,よる",21,夜、お風呂に入ります。,よる、おふろに はいります。,I take a bath at night.
m020,入る,はいる,to enter; to take a bath; to go in,verb,todays_meal,"あさ,よる",21,夜、お風呂に入ります。,よる、おふろに はいります。,I take a bath at night.
m021,シャワー,しゃわー,shower,noun,todays_meal,"あさ,よる",21,朝、シャワーを浴びます。,あさ、しゃわーを あびます。,I take a shower in the morning.
m022,浴びる,あびる,to take; to shower; to bathe,verb,todays_meal,"あさ,よる",21,朝、シャワーを浴びます。,あさ、しゃわーを あびます。,I take a shower in the morning.
m023,歯,は,tooth; teeth,noun,todays_meal,"あさ,よる",21,毎朝、歯を磨きます。,まいあさ、はを みがきます。,I brush my teeth every morning.
m024,磨く,みがく,to brush; to polish,verb,todays_meal,"あさ,よる",21,寝る前に歯を磨きます。,ねる まえに はを みがきます。,I brush my teeth before bed.
m025,食べる,たべる,to eat,verb,todays_meal,"たべる,のむ",22,好きなものを食べたいです。,すきな ものを たべたいです。,I want to eat what I like.
m026,飲む,のむ,to drink,verb,todays_meal,"たべる,のむ",22,朝、水を飲みます。,あさ、みずを のみます。,I drink water in the morning.
m027,食べ物,たべもの,food,noun,todays_meal,"たべる,のむ",22,好きな食べ物は何ですか。,すきな たべものは なんですか。,What food do you like?
m028,朝ご飯,あさごはん,breakfast,noun,todays_meal,"たべる,のむ",22,朝ご飯をゆっくり食べます。,あさごはんを ゆっくり たべます。,I eat breakfast slowly.
m029,昼ご飯,ひるごはん,lunch,noun,todays_meal,"たべる,のむ",22,友達と昼ご飯を食べます。,ともだちと ひるごはんを たべます。,I eat lunch with my friend.
m030,晩ご飯,ばんごはん,dinner,noun,todays_meal,"たべる,のむ",22,晩ご飯は家で食べます。,ばんごはんは いえで たべます。,I eat dinner at home.
m031,たくさん,たくさん,many; much; a lot,adverb,todays_meal,"たべる,のむ",22,今日はたくさん食べました。,きょうは たくさん たべました。,I ate a lot today.
m032,スーパー,すーぱー,supermarket,noun,todays_meal,"たべる,のむ",22,スーパーで野菜を買います。,すーぱーで やさいを かいます。,I buy vegetables at the supermarket.
m033,肉,にく,meat,noun,todays_meal,"たべる,のむ",22,肉を食べたいです。,にくを たべたいです。,I want to eat meat.
m034,牛肉,ぎゅうにく,beef,noun,todays_meal,"たべる,のむ",22,牛肉を買いました。,ぎゅうにくを かいました。,I bought beef.
m035,豚肉,ぶたにく,pork,noun,todays_meal,"たべる,のむ",22,豚肉を料理します。,ぶたにくを りょうりします。,I cook pork.
m036,鶏肉,とりにく,chicken; chicken meat,noun,todays_meal,"たべる,のむ",22,鶏肉を食べます。,とりにくを たべます。,I eat chicken.
m037,魚,さかな,fish,noun,todays_meal,"たべる,のむ",22,魚を焼きます。,さかなを やきます。,I grill fish.
m038,卵,たまご,egg,noun,todays_meal,"たべる,のむ",22,朝、卵を食べます。,あさ、たまごを たべます。,I eat eggs in the morning.
m039,野菜,やさい,vegetables,noun,todays_meal,"たべる,のむ",22,毎日野菜を食べます。,まいにち やさいを たべます。,I eat vegetables every day.
m040,果物,くだもの,fruit,noun,todays_meal,"たべる,のむ",22,果物をたくさん食べます。,くだものを たくさん たべます。,I eat lots of fruit.
m041,りんご,りんご,apple,noun,todays_meal,"たべる,のむ",22,朝、りんごを一つ食べます。,あさ、りんごを ひとつ たべます。,I eat one apple in the morning.
m042,レモン,れもん,lemon,noun,todays_meal,"たべる,のむ",22,レモンを少し入れます。,れもんを すこし いれます。,I add a little lemon.
m043,みかん,みかん,mandarin orange,noun,todays_meal,"たべる,のむ",22,冬はみかんをよく食べます。,ふゆは みかんを よく たべます。,I often eat mandarins in winter.
m044,パン,ぱん,bread,noun,todays_meal,"たべる,のむ",22,朝はパンがいいです。,あさは ぱんが いいです。,I prefer bread for breakfast.
m045,お菓子,おかし,sweets; snacks,noun,todays_meal,"たべる,のむ",22,友達とお菓子を食べます。,ともだちと おかしを たべます。,I eat snacks with my friend.
m046,チョコレート,ちょこれーと,chocolate,noun,todays_meal,"たべる,のむ",22,疲れた日はチョコレートを食べます。,つかれた ひは ちょこれーとを たべます。,I eat chocolate on tiring days.
m047,飲み物,のみもの,drink; beverage,noun,todays_meal,"たべる,のむ",22,冷たい飲み物がいいです。,つめたい のみものが いいです。,I'd like a cold drink.
m048,水,みず,water,noun,todays_meal,"たべる,のむ",22,まず水を飲みます。,まず みずを のみます。,"First, I drink water."
m049,お湯,おゆ,hot water,noun,todays_meal,"たべる,のむ",22,お湯を入れてください。,おゆを いれて ください。,Please add hot water.
m050,冷たい,つめたい,cold; chilled,adjective,todays_meal,"たべる,のむ",22,冷たい水を飲みたいです。,つめたい みずを のみたいです。,I want to drink cold water.
m051,～がいい,～がいい,[something] is preferable; I would like [something],expression,todays_meal,"たべる,のむ",22,私はコーヒーがいいです。,わたしは こーひーが いいです。,I'll have coffee.
m052,入れる,いれる,to put in; to add; to make (tea/coffee),verb,todays_meal,"たべる,のむ",22,コーヒーにミルクを入れます。,こーひーに みるくを いれます。,I put milk in my coffee.
m053,ミルク,みるく,milk,noun,todays_meal,"たべる,のむ",22,コーヒーにミルクを入れます。,こーひーに みるくを いれます。,I put milk in my coffee.
m054,自動販売機,じどうはんばいき,vending machine,noun,todays_meal,"たべる,のむ",22,自動販売機で水を買います。,じどうはんばいきで みずを かいます。,I buy water from a vending machine.
m055,牛乳,ぎゅうにゅう,milk,noun,todays_meal,"たべる,のむ",22,毎朝、牛乳を飲みます。,まいあさ、ぎゅうにゅうを のみます。,I drink milk every morning.
m056,ジュース,じゅーす,juice,noun,todays_meal,"たべる,のむ",22,暑い日はジュースを飲みます。,あつい ひは じゅーすを のみます。,I drink juice on hot days.
m057,コーヒー,こーひー,coffee,noun,todays_meal,"たべる,のむ",22,朝はコーヒーを飲みます。,あさは こーひーを のみます。,I drink coffee in the morning.
m058,紅茶,こうちゃ,black tea,noun,todays_meal,"たべる,のむ",22,午後は紅茶がいいです。,ごごは こうちゃが いいです。,I'd like tea in the afternoon.
m059,お茶,おちゃ,tea,noun,todays_meal,"たべる,のむ",22,ご飯と一緒にお茶を飲みます。,ごはんと いっしょに おちゃを のみます。,I drink tea with my meal.
m060,お酒,おさけ,alcohol; alcoholic drink,noun,todays_meal,"たべる,のむ",22,夜、お酒を飲みません。,よる、おさけを のみません。,I don't drink alcohol at night.
m061,ビール,びーる,beer,noun,todays_meal,"たべる,のむ",22,父はビールを飲みます。,ちちは びーるを のみます。,My father drinks beer.
m062,ワイン,わいん,wine,noun,todays_meal,"たべる,のむ",22,レストランでワインを飲みます。,れすとらんで わいんを のみます。,I drink wine at a restaurant.
m063,カップ,かっぷ,cup,noun,todays_meal,"たべる,のむ",22,カップにコーヒーを入れます。,かっぷに こーひーを いれます。,I pour coffee into a cup.
m064,コップ,こっぷ,glass; cup,noun,todays_meal,"たべる,のむ",22,コップに水を入れます。,こっぷに みずを いれます。,I put water in a glass.
m065,料理,りょうり,cooking; cuisine; dish,noun,todays_meal,りょうり,23,今日は料理をします。,きょうは りょうりを します。,I'm cooking today.
m066,ご飯,ごはん,meal; cooked rice,noun,todays_meal,りょうり,23,ご飯を食べてから出かけます。,ごはんを たべてから でかけます。,I go out after eating.
m067,サンドイッチ,さんどいっち,sandwich,noun,todays_meal,りょうり,23,昼はサンドイッチを食べます。,ひるは さんどいっちを たべます。,I eat a sandwich for lunch.
m068,おにぎり,おにぎり,rice ball,noun,todays_meal,りょうり,23,駅でおにぎりを買いました。,えきで おにぎりを かいました。,I bought a rice ball at the station.
m069,お弁当,おべんとう,bento; packed lunch,noun,todays_meal,りょうり,23,母がお弁当を作りました。,ははが おべんとうを つくりました。,My mother made a packed lunch.
m070,ラーメン,らーめん,ramen,noun,todays_meal,りょうり,23,夜にラーメンを食べました。,よるに らーめんを たべました。,I ate ramen at night.
m071,パスタ,ぱすた,pasta,noun,todays_meal,りょうり,23,今日はパスタを作ります。,きょうは ぱすたを つくります。,I'm making pasta today.
m072,うどん,うどん,udon,noun,todays_meal,りょうり,23,寒い日はうどんがいいです。,さむい ひは うどんが いいです。,"On cold days, I prefer udon."
m073,そば,そば,soba; buckwheat noodles,noun,todays_meal,りょうり,23,昼にそばを食べました。,ひるに そばを たべました。,I ate soba for lunch.
m074,天ぷら,てんぷら,tempura,noun,todays_meal,りょうり,23,天ぷらを食べたいです。,てんぷらを たべたいです。,I want to eat tempura.
m075,すき焼き,すきやき,sukiyaki,noun,todays_meal,りょうり,23,冬にすき焼きを食べます。,ふゆに すきやきを たべます。,I eat sukiyaki in winter.
m076,刺身,さしみ,sashimi,noun,todays_meal,りょうり,23,刺身はおいしいです。,さしみは おいしいです。,Sashimi is delicious.
m077,カレーライス,かれーらいす,curry rice,noun,todays_meal,りょうり,23,晩ご飯はカレーライスです。,ばんごはんは かれーらいすです。,Curry rice is for dinner.
m078,牛丼,ぎゅうどん,beef bowl,noun,todays_meal,りょうり,23,昼に牛丼を食べました。,ひるに ぎゅうどんを たべました。,I ate gyudon for lunch.
m079,お寿司,おすし,sushi,noun,todays_meal,りょうり,23,日本でお寿司を食べたいです。,にほんで おすしを たべたいです。,I want to eat sushi in Japan.
m080,ケーキ,けーき,cake,noun,todays_meal,りょうり,23,誕生日にケーキを食べます。,たんじょうびに けーきを たべます。,I eat cake on my birthday.
m081,アイスクリーム,あいすくりーむ,ice cream,noun,todays_meal,りょうり,23,暑い日にアイスクリームを食べます。,あつい ひに あいすくりーむを たべます。,I eat ice cream on hot days.
m082,取る,とる,to take; to pick up,verb,todays_meal,りょうり,23,写真を一枚取ります。,しゃしんを いちまい とります。,I take one photo.
m083,砂糖,さとう,sugar,noun,todays_meal,りょうり,23,コーヒーに砂糖を入れません。,こーひーに さとうを いれません。,I don't put sugar in my coffee.
m084,塩,しお,salt,noun,todays_meal,りょうり,23,料理に塩を少し入れます。,りょうりに しおを すこし いれます。,I add a little salt to the dish.
m085,醤油,しょうゆ,soy sauce,noun,todays_meal,りょうり,23,お寿司に醤油をつけます。,おすしに しょうゆを つけます。,I dip sushi in soy sauce.
m086,レストラン,れすとらん,restaurant,noun,todays_meal,レストラン,24,今日は小さなレストランへ行きます。,きょうは ちいさな れすとらんへ いきます。,Today I'm going to a small restaurant.
m087,何,なに,what,pronoun,todays_meal,レストラン,24,何が好きですか。,なにが すきですか。,What do you like?
m088,なんか,なんか,something like; things like; somehow,expression,todays_meal,レストラン,24,なんか、今日は楽しいです。,なんか、きょうは たのしいです。,"Somehow, today feels fun."
m089,食事する,しょくじする,to have a meal; to eat,verb,todays_meal,レストラン,24,友達と一緒に食事します。,ともだちと いっしょに しょくじします。,I have a meal with my friend.
m090,有名な,ゆうめいな,famous,adjective,todays_meal,レストラン,24,この店は有名です。,この みせは ゆうめいです。,This restaurant is famous.
m091,食堂,しょくどう,cafeteria; dining hall,noun,todays_meal,レストラン,24,学校の食堂で昼ご飯を食べます。,がっこうの しょくどうで ひるごはんを たべます。,I eat lunch at the school cafeteria.
m092,定食,ていしょく,set meal,noun,todays_meal,レストラン,24,今日の定食はおいしいです。,きょうの ていしょくは おいしいです。,Today's set meal is delicious.
m093,喫茶店,きっさてん,coffee shop; traditional cafe,noun,todays_meal,レストラン,24,小さな喫茶店が好きです。,ちいさな きっさてんが すきです。,I like small coffee shops.
m094,～で,～で,at; in; by; with,particle,todays_meal,レストラン,24,友達と喫茶店で話します。,ともだちと きっさてんで はなします。,I talk with my friend at a coffee shop.
m095,箸,はし,chopsticks,noun,todays_meal,レストラン,24,箸でご飯を食べます。,はしで ごはんを たべます。,I eat with chopsticks.
m096,スプーン,すぷーん,spoon,noun,todays_meal,レストラン,24,スプーンで食べます。,すぷーんで たべます。,I eat with a spoon.
m097,フォーク,ふぉーく,fork,noun,todays_meal,レストラン,24,フォークでパスタを食べます。,ふぉーくで ぱすたを たべます。,I eat pasta with a fork.
m098,ナイフ,ないふ,knife,noun,todays_meal,レストラン,24,ナイフで肉を切ります。,ないふで にくを きります。,I cut meat with a knife.
m099,皿,さら,plate; dish,noun,todays_meal,レストラン,24,皿に料理を入れます。,さらに りょうりを いれます。,I put the food on a plate.
m100,茶碗,ちゃわん,rice bowl; tea bowl,noun,todays_meal,レストラン,24,茶碗にご飯を入れます。,ちゃわんに ごはんを いれます。,I put rice in a rice bowl.
m101,いらっしゃいませ,いらっしゃいませ,welcome; welcome to our shop,expression,todays_meal,レストラン,24,店員さんが「いらっしゃいませ」と言いました。,てんいんさんが「いらっしゃいませ」と いいました。,"The staff member said, “Welcome.”"
m102,ご注文は,ごちゅうもんは,what would you like to order?,expression,todays_meal,レストラン,24,「ご注文は何ですか。」,「ごちゅうもんは なんですか。」,“What would you like to order?”
m103,これでお願いします,これでおねがいします,this one please; I'll have this,expression,todays_meal,レストラン,24,「これでお願いします。」,「これで おねがいします。」,"“I'll have this, please.”"
m104,ほかに,ほかに,anything else; in addition,expression,todays_meal,レストラン,24,ほかに何か食べますか。,ほかに なにか たべますか。,Will you eat anything else?
m105,別々に,べつべつに,separately,adverb,todays_meal,レストラン,24,お会計は別々にお願いします。,おかいけいは べつべつに おねがいします。,"Separate checks, please."
m106,どうですか,どうですか,how is it?; how about it?,expression,todays_meal,どうですか,25,この料理はどうですか。,この りょうりは どうですか。,How is this dish?
m107,どう,どう,how; in what way,adverb,todays_meal,どうですか,25,今日はどうですか。,きょうは どうですか。,How are you today?
m108,甘い,あまい,sweet,adjective,todays_meal,どうですか,25,このケーキは甘いです。,この けーきは あまいです。,This cake is sweet.
m109,辛い,からい,spicy; hot,adjective,todays_meal,どうですか,25,この料理は少し辛いです。,この りょうりは すこし からいです。,This dish is a little spicy.
m110,おいしい,おいしい,delicious,adjective,todays_meal,どうですか,25,一緒に食べるともっとおいしいです。,いっしょに たべると もっと おいしいです。,It's even more delicious when we eat together.
m111,全部,ぜんぶ,all; everything,noun,todays_meal,どうですか,25,全部食べました。,ぜんぶ たべました。,I ate everything.
m112,自分で,じぶんで,by oneself; on one's own,expression,todays_meal,どうですか,25,自分で料理を作ります。,じぶんで りょうりを つくります。,I make food myself.
m113,お腹が空く,おなかがすく,to get hungry,expression,todays_meal,どうですか,25,お腹が空いたら、ご飯を食べます。,おなかが すいたら、ごはんを たべます。,"When I'm hungry, I eat."
m114,喉が渇く,のどがかわく,to get thirsty,expression,todays_meal,どうですか,25,歩くと喉が渇きます。,あるくと のどが かわきます。,I get thirsty when I walk.
m115,いっぱい,いっぱい,full; plenty; one cup/glass,noun,todays_meal,どうですか,25,水をいっぱい飲みました。,みずを いっぱい のみました。,I drank lots of water.
m116,いかがですか,いかがですか,how about it?; would you like it?,expression,todays_meal,どうですか,25,お茶はいかがですか。,おちゃは いかがですか。,Would you like some tea?
m117,もう一杯,もういっぱい,one more cup/glass,noun,todays_meal,どうですか,25,もう一杯、お茶をください。,もう いっぱい、おちゃを ください。,"One more cup of tea, please."
m118,結構です,けっこうです,no thank you; that's enough; fine,expression,todays_meal,どうですか,25,"「お茶はいかがですか。」
「結構です。」","「おちゃは いかがですか。」
「けっこうです。」","“Would you like some tea?”
 “No, thank you.”"
m119,乾杯,かんぱい,cheers; toast,noun,todays_meal,どうですか,25,みんなで乾杯しましょう。,みんなで かんぱいしましょう。,Let's make a toast together.
m120,いただきます,いただきます,said before eating; thank you for the meal,expression,todays_meal,どうですか,25,「いただきます」と言って、食べます。,「いただきます」と いって、たべます。,I say “itadakimasu” and start eating.
m121,ごちそうさまでした,ごちそうさまでした,said after eating; thank you for the meal,expression,todays_meal,どうですか,25,「ごちそうさまでした」と言いました。,「ごちそうさまでした」と いいました。,"I said, “Thank you for the meal.”"
h001,趣味,しゅみ,hobby,noun,hobby,しゅみ,26,私の趣味は絵を描くことです。,わたしの しゅみは えを かく ことです。,My hobby is drawing.
h002,日,ひ,day,noun,hobby,しゅみ,26,楽しい日は早く終わります。,たのしい ひは はやく おわります。,Fun days end quickly.
h003,楽しい,たのしい,fun; enjoyable,adjective,hobby,しゅみ,26,みんなといると楽しいです。,みんなと いると たのしいです。,It's fun when I'm with everyone.
h004,好きな,すきな,liked; favorite,adjective,hobby,しゅみ,26,好きなことを大切にしたいです。,すきな ことを たいせつに したいです。,I want to cherish the things I love.
h005,嫌いな,きらいな,disliked; disliked,adjective,hobby,しゅみ,26,嫌いなことも少しあります。,きらいな ことも すこし あります。,There are also a few things I don't like.
h006,あまり,あまり,not very; not much,adverb,hobby,しゅみ,26,私はあまり歌いません。,わたしは あまり うたいません。,I don't sing very much.
h007,どちら,どちら,which; which one; which of two,pronoun,hobby,しゅみ,26,どちらが好きですか。,どちらが すきですか。,Which do you like?
h008,どちらも,どちらも,both; both of them,pronoun,hobby,しゅみ,26,どちらも好きです。,どちらも すきです。,I like both.
h009,どっち,どっち,which; which one; which way,pronoun,hobby,しゅみ,26,どっちがいいですか。,どっちが いいですか。,Which one is better?
h010,上手な,じょうずな,good at; skillful,adjective,hobby,しゅみ,26,彼は歌が上手です。,かれは うたが じょうずです。,He is good at singing.
h011,下手な,へたな,poor at; unskilled,adjective,hobby,しゅみ,26,私はまだ歌が下手です。,わたしは まだ うたが へたです。,I'm still bad at singing.
h012,まだまだです,まだまだです,I'm still not very good; I have a long way to go,expression,hobby,しゅみ,26,「上手ですね。」「まだまだです。」,「じょうずですね。」「まだまだです。」,“You're good.” “I've still got a long way to go.”
h013,習う,ならう,to learn; to take lessons,verb,hobby,しゅみ,26,先生に歌を習います。,せんせいに うたを ならいます。,I learn singing from a teacher.
h014,生け花,いけばな,flower arranging,noun,hobby,しゅみ,26,母は生け花を習っています。,ははは いけばなを ならって います。,My mother is learning flower arranging.
h015,茶道,さどう,tea ceremony,noun,hobby,しゅみ,26,日本で茶道を習いたいです。,にほんで さどうを ならいたいです。,I want to learn tea ceremony in Japan.
h016,簡単な,かんたんな,easy; simple,adjective,hobby,しゅみ,26,この料理は簡単です。,この りょうりは かんたんです。,This dish is easy.
h017,優しい,やさしい,easy; kind; gentle,adjective,hobby,しゅみ,26,先生は優しいです。,せんせいは やさしいです。,The teacher is kind.
h018,難しい,むずかしい,difficult; hard,adjective,hobby,しゅみ,26,新しいことを習うのは難しいです。,あたらしい ことを ならうのは むずかしいです。,Learning something new is difficult.
h019,写真,しゃしん,photograph; photo,noun,hobby,しゅみ,26,大切な人の写真を見ます。,たいせつな ひとの しゃしんを みます。,I look at photos of people important to me.
h020,撮る,とる,to take (a photo); to photograph,verb,hobby,しゅみ,26,みんなで写真を撮ります。,みんなで しゃしんを とります。,We take a picture together.
h021,カメラ,かめら,camera,noun,hobby,しゅみ,26,カメラを持って町を歩きます。,かめらを もって まちを あるきます。,I walk around town with my camera.
h022,絵,え,picture; drawing; painting,noun,hobby,しゅみ,26,好きな絵を部屋に飾ります。,すきな えを へやに かざります。,I display my favorite picture in my room.
h023,描く,かく,to draw; to paint,verb,hobby,しゅみ,26,好きな人の絵を描きます。,すきな ひとの えを かきます。,I draw a picture of someone I like.
h024,美術館,びじゅつかん,art museum,noun,hobby,しゅみ,26,休みの日に美術館へ行きます。,やすみの ひに びじゅつかんへ いきます。,I go to an art museum on my day off.
h025,音楽,おんがく,music,noun,hobby,おんがく,27,音楽を聞くと元気になります。,おんがくを きくと げんきに なります。,Listening to music cheers me up.
h026,カラオケ,からおけ,karaoke,noun,hobby,おんがく,27,友達とカラオケで歌います。,ともだちと からおけで うたいます。,I sing karaoke with my friends.
h027,一緒に,いっしょに,together,adverb,hobby,おんがく,27,一緒に音楽を聞きませんか。,いっしょに おんがくを ききませんか。,Would you like to listen to music together?
h028,みんなで,みんなで,together with everyone; all together,expression,hobby,おんがく,27,みんなで歌うと楽しいです。,みんなで うたうと たのしいです。,It's fun when everyone sings together.
h029,歌,うた,song,noun,hobby,おんがく,27,この歌を知っていますか。,この うたを しって いますか。,Do you know this song?
h030,歌う,うたう,to sing,verb,hobby,おんがく,27,好きな歌を歌います。,すきな うたを うたいます。,I sing my favorite songs.
h031,コンサート,こんさーと,concert,noun,hobby,おんがく,27,友達とコンサートへ行きます。,ともだちと こんさーとへ いきます。,I go to a concert with my friend.
h032,クラシック,くらしっく,classical music,noun,hobby,おんがく,27,母はクラシックが好きです。,ははは くらしっくが すきです。,My mother likes classical music.
h033,ジャズ,じゃず,jazz,noun,hobby,おんがく,27,夜にジャズを聞きます。,よるに じゃずを ききます。,I listen to jazz at night.
h034,ポップス,ぽっぷす,pop music,noun,hobby,おんがく,27,ポップスをよく聞きます。,ぽっぷすを よく ききます。,I often listen to pop music.
h035,ロック,ろっく,rock music,noun,hobby,おんがく,27,私はロックが好きです。,わたしは ろっくが すきです。,I like rock music.
h036,ピアノ,ぴあの,piano,noun,hobby,おんがく,27,子供のころ、ピアノを習いました。,こどもの ころ、ぴあのを ならいました。,I learned piano when I was a child.
h037,ギター,ぎたー,guitar,noun,hobby,おんがく,27,友達がギターを弾きます。,ともだちが ぎたーを ひきます。,My friend plays guitar.
h038,弾く,ひく,to play (an instrument),verb,hobby,おんがく,27,毎日ピアノを弾きます。,まいにち ぴあのを ひきます。,I play the piano every day.
h039,映画,えいが,movie; film,noun,hobby,おんがく,27,今日は好きな映画を見ます。,きょうは すきな えいがを みます。,Today I'll watch a movie I like.
h040,映画館,えいがかん,movie theater; cinema,noun,hobby,おんがく,27,友達と映画館へ行きました。,ともだちと えいがかんへ いきました。,I went to the movie theater with my friend.
h041,始まる,はじまる,to begin; to start,verb,hobby,おんがく,27,映画がもう始まります。,えいがが もう はじまります。,The movie is about to start.
h042,終わる,おわる,to end; to finish,verb,hobby,おんがく,27,映画が終わったら、家へ帰ります。,えいがが おわったら、いえへ かえります。,"When the movie ends, I'll go home."
h043,漫画,まんが,manga; comic,noun,hobby,おんがく,27,子供のころ、漫画をよく読みました。,こどもの ころ、まんがを よく よみました。,I often read manga when I was a child.
h044,アニメ,あにめ,anime; animation,noun,hobby,おんがく,27,好きなアニメを何度も見ます。,すきな あにめを なんども みます。,I watch my favorite anime many times.
h045,ゲーム,げーむ,game; video game,noun,hobby,おんがく,27,友達とゲームをすると楽しいです。,ともだちと げーむを すると たのしいです。,It's fun to play games with friends.
h046,ソフト,そふと,software; game software,noun,hobby,おんがく,27,新しいゲームソフトを買いました。,あたらしい げーむ そふとを かいました。,I bought a new game software.
h047,面白い,おもしろい,interesting; amusing; funny,adjective,hobby,おんがく,27,この映画は面白いです。,この えいがは おもしろいです。,This movie is interesting.
h048,スポーツ,すぽーつ,sports,noun,hobby,スポーツ,28,みんなでスポーツをすると楽しいです。,みんなで すぽーつを すると たのしいです。,It's fun when we play sports together.
h049,ジョギング,じょぎんぐ,jogging,noun,hobby,スポーツ,28,朝、ジョギングをします。,あさ、じょぎんぐを します。,I go jogging in the morning.
h050,スキー,すきー,skiing,noun,hobby,スポーツ,28,冬にスキーをしたいです。,ふゆに すきを したいです。,I want to ski in winter.
h051,ダンス,だんす,dance; dancing,noun,hobby,スポーツ,28,音楽を聞いてダンスをします。,おんがくを きいて だんすを します。,I dance while listening to music.
h052,泳ぐ,およぐ,to swim,verb,hobby,スポーツ,28,夏は海で泳ぎたいです。,なつは うみで およぎたいです。,I want to swim in the sea in summer.
h053,海,うみ,sea; ocean,noun,hobby,スポーツ,28,海を見ると元気になります。,うみを みると げんきに なります。,Seeing the sea cheers me up.
h054,プール,ぷーる,swimming pool,noun,hobby,スポーツ,28,友達とプールで泳ぎます。,ともだちと ぷーるで およぎます。,I swim in the pool with my friend.
h055,川,かわ,river,noun,hobby,スポーツ,28,川の近くを歩きます。,かわの ちかくを あるきます。,I walk near the river.
h056,釣り,つり,fishing,noun,hobby,スポーツ,28,父と川へ釣りに行きます。,ちちと かわへ つりに いきます。,I go fishing at the river with my father.
h057,登る,のぼる,to climb,verb,hobby,スポーツ,28,友達と山に登ります。,ともだちと やまに のぼります。,I climb a mountain with my friend.
h058,山,やま,mountain,noun,hobby,スポーツ,28,山の上から町を見ます。,やまの うえから まちを みます。,I look at the town from the top of the mountain.
h059,試合,しあい,match; game; competition,noun,hobby,スポーツ,28,明日は大切な試合があります。,あしたは たいせつな しあいが あります。,There's an important match tomorrow.
h060,勝つ,かつ,to win,verb,hobby,スポーツ,28,勝つことだけが大切ではありません。,かつ ことだけが たいせつでは ありません。,Winning isn't the only thing that matters.
h061,負ける,まける,to lose,verb,hobby,スポーツ,28,負けても、また頑張ります。,まけても、また がんばります。,"Even if I lose, I'll try again."
h062,さあ…,さあ…,well…; now then…; let's see,expression,hobby,スポーツ,28,さあ、行きましょう。,さあ、いきましょう。,"Come on, let's go."
h063,強い,つよい,strong; good at,noun,hobby,スポーツ,28,強い人は優しいです。,つよい ひとは やさしいです。,Strong people are kind.
h064,弱い,よわい,weak; poor at,adjective,hobby,スポーツ,28,弱い自分も大切です。,よわい じぶんも たいせつです。,Even my weaker self is important.
h065,サッカー,さっかー,soccer; football,noun,hobby,スポーツ,28,友達とサッカーをします。,ともだちと さっかーを します。,I play soccer with my friends.
h066,野球,やきゅう,baseball,noun,hobby,スポーツ,28,父は野球が好きです。,ちちは やきゅうが すきです。,My father likes baseball.
h067,相撲,すもう,sumo wrestling,noun,hobby,スポーツ,28,日本で相撲を見たいです。,にほんで すもうを みたいです。,I want to watch sumo in Japan.
h068,柔道,じゅうどう,judo,noun,hobby,スポーツ,28,兄は柔道を習っています。,あには じゅうどうを ならって います。,My older brother is learning judo.
h069,テニス,てにす,tennis,noun,hobby,スポーツ,28,休みの日にテニスをします。,やすみの ひに てにすを します。,I play tennis on my days off.
h070,ゴルフ,ごるふ,golf,noun,hobby,スポーツ,28,父は週末にゴルフをします。,ちちは しゅうまつに ごるふを します。,My father plays golf on weekends.
h071,天気,てんき,weather,noun,hobby,てんき,29,今日の天気はどうですか。,きょうの てんきは どうですか。,How's the weather today?
h072,いい,いい,good; nice,adjective,hobby,てんき,29,今日は天気がいいです。,きょうは てんきが いいです。,The weather is nice today.
h073,悪い,わるい,bad,adjective,hobby,てんき,29,今日は天気が悪いです。,きょうは てんきが わるいです。,The weather is bad today.
h074,いいお天気ですね,いいおてんきですね,it's nice weather; what nice weather,expression,hobby,てんき,29,今日はいいお天気ですね。,きょうは いい おてんきですね。,"It's lovely weather today, isn't it?"
h075,雨,あめ,rain,noun,hobby,てんき,29,雨の日も嫌いではありません。,あめの ひも きらいでは ありません。,I don't dislike rainy days either.
h076,雪,ゆき,snow,noun,hobby,てんき,29,雪の日は町が静かです。,ゆきの ひは まちが しずかです。,The town is quiet on snowy days.
h077,降る,ふる,to fall (rain; snow),verb,hobby,てんき,29,雨が降っています。,あめが ふって います。,It's raining.
h078,暑い,あつい,hot (weather),adjective,hobby,てんき,29,暑い日は海へ行きたいです。,あつい ひは うみへ いきたいです。,"On hot days, I want to go to the sea."
h079,涼しい,すずしい,cool; refreshing,adjective,hobby,てんき,29,夜は少し涼しいです。,よるは すこし すずしいです。,It's a little cool at night.
h080,寒い,さむい,cold (weather),adjective,hobby,てんき,29,寒い日は家にいたいです。,さむい ひは いえに いたいです。,"On cold days, I want to stay home."
h081,暖かい,あたたかい,warm,adjective,hobby,てんき,29,春は暖かくて気持ちがいいです。,はるは あたたかくて きもちが いいです。,Spring is warm and pleasant.
h082,多い,おおい,many; much,adjective,hobby,てんき,29,今日は人が多いです。,きょうは ひとが おおいです。,There are many people today.
h083,少ない,すくない,few; little,adjective,hobby,てんき,29,朝は人が少ないです。,あさは ひとが すくないです。,There are few people in the morning.
h084,思う,おもう,to think; to feel,verb,hobby,てんき,29,明日も頑張ろうと思います。,あしたも がんばろうと おもいます。,I think I'll do my best tomorrow too.
h085,たぶん,たぶん,probably; perhaps,adverb,hobby,てんき,29,たぶん明日は晴れます。,たぶん あしたは はれます。,It will probably be sunny tomorrow.
h086,きっと,きっと,surely; certainly; probably,adverb,hobby,てんき,29,きっと大丈夫です。,きっと だいじょうぶです。,I'm sure it'll be okay.
h087,傘,かさ,umbrella,noun,hobby,てんき,29,雨だから傘を持ちます。,あめだから かさを もちます。,"It's raining, so I take an umbrella."
h088,持って来る,もってくる,to bring,verb,hobby,てんき,29,明日、傘を持って来ます。,あした、かさを もって きます。,I'll bring an umbrella tomorrow.
h089,持って行く,もっていく,to take; to bring along,verb,hobby,てんき,29,雨の日は傘を持って行きます。,あめの ひは かさを もって いきます。,I take an umbrella with me on rainy days.
h090,番組,ばんぐみ,program; TV program,noun,hobby,てんき,29,夜、好きな番組を見ます。,よる、すきな ばんぐみを みます。,I watch my favorite program at night.
h091,季節,きせつ,season,noun,hobby,きせつ,30,好きな季節は春です。,すきな きせつは はるです。,My favorite season is spring.
h092,いつ,いつ,when,pronoun,hobby,きせつ,30,いつか、この花をまた見たいです。,いつか、この はなを また みたいです。,"Someday, I want to see this flower again."
h093,去年,きょねん,last year,noun,hobby,きせつ,30,去年の春を思い出します。,きょねんの はるを おもいだします。,I remember last spring.
h094,今年,ことし,this year,noun,hobby,きせつ,30,今年の夏は長いです。,ことしの なつは ながいです。,This summer is long.
h095,来年,らいねん,next year,noun,hobby,きせつ,30,来年もここへ来たいです。,らいねんも ここへ きたいです。,I want to come here again next year.
h096,一番,いちばん,number one; most; best,adverb,hobby,きせつ,30,春が一番好きです。,はるが いちばん すきです。,I like spring the most.
h097,なる,なる,to become; to get,verb,hobby,きせつ,30,春になると花が咲きます。,はるに なると はなが さきます。,"When spring comes, flowers bloom."
h098,春,はる,spring,noun,hobby,きせつ,30,春の風が好きです。,はるの かぜが すきです。,I like the spring breeze.
h099,夏,なつ,summer,noun,hobby,きせつ,30,夏の夜は少し寂しいです。,なつの よるは すこし さびしいです。,Summer nights feel a little lonely.
h100,秋,あき,autumn; fall,noun,hobby,きせつ,30,秋の月を見ながら歩きます。,あきの つきを みながら あるきます。,I walk while looking at the autumn moon.
h101,冬,ふゆ,winter,noun,hobby,きせつ,30,冬の朝は空がきれいです。,ふゆの あさは そらが きれいです。,The sky is beautiful on winter mornings.
h102,花,はな,flower,noun,hobby,きせつ,30,小さな花を見つけました。,ちいさな はなを みつけました。,I found a small flower.
h103,月,つき,moon; month,noun,hobby,きせつ,30,夜の月がきれいです。,よるの つきが きれいです。,The moon at night is beautiful.
h104,お花見,おはなみ,cherry blossom viewing,noun,hobby,きせつ,30,友達とお花見をしました。,ともだちと おはなみを しました。,I went cherry-blossom viewing with my friend.
h105,桜,さくら,cherry blossom,noun,hobby,きせつ,30,桜を見ると春を思います。,さくらを みると はるを おもいます。,Seeing cherry blossoms makes me think of spring.
h106,花火,はなび,fireworks,noun,hobby,きせつ,30,夏の夜に花火を見ました。,なつの よるに はなびを みました。,I watched fireworks on a summer night.
h107,紅葉,もみじ,maple leaves; autumn foliage,noun,hobby,きせつ,30,秋の紅葉がとてもきれいです。,あきの こうようが とても きれいです。,The autumn leaves are very beautiful.
h108,初めて,はじめて,for the first time,adverb,hobby,きせつ,30,初めてこの公園へ来ました。,はじめて この こうえんへ きました。,I came to this park for the first time.
h109,一度,いちど,once; one time,counter,hobby,きせつ,30,一度だけ、桜の下を歩きました。,いちどだけ、さくらの したを あるきました。,I walked under the cherry blossoms just once.
h110,何回も,なんかいも,many times; repeatedly,adverb,hobby,きせつ,30,この歌を何回も聞きました。,この うたを なんかいも ききました。,I listened to this song many times.
h111,一度も,いちども,not even once,adverb,hobby,きせつ,30,今年は一度も海へ行っていません。,ことしは いちども うみへ いって いません。,I haven't gone to the sea even once this year.
h112,公園,こうえん,park,noun,hobby,きせつ,30,夕方の公園を歩きます。,ゆうがたの こうえんを あるきます。,I walk through the park in the evening.
h113,散歩する,さんぽする,to take a walk; to stroll,verb,hobby,きせつ,30,花を見ながら散歩します。,はなを みながら さんぽします。,I take a walk while looking at the flowers.
h114,とても,とても,very,adverb,hobby,きせつ,30,とてもきれいな月です。,とても きれいな つきです。,It's a very beautiful moon.
h115,本当に,ほんとうに,really; truly,adverb,hobby,きせつ,30,本当に春が来たみたいです。,ほんとうに はるが きた みたいです。,It really feels like spring has come.
h116,ぜひ,ぜひ,by all means; definitely,adverb,hobby,きせつ,30,春になったら、ぜひ来てください。,はるに なったら、ぜひ きて ください。,"When spring comes, please come for sure."
h117,もちろん,もちろん,of course,noun,hobby,きせつ,30,もちろん、一緒に行きます。,もちろん、いっしょに いきます。,"Of course, I'll go with you."
s001,買い物する,かいものする,to shop; to go shopping,verb,shopping,買い物,31,花を見たあとで買い物をします。,はなを みた あとで かいものを します。,I'll go shopping after seeing the flowers.
s002,～をください,～をください,please give me [something],expression,shopping,買い物,31,これを一つください。,これを ひとつ ください。,"One of these, please."
s003,～と,～と,and; with; [quotation particle],particle,shopping,買い物,31,花とお菓子を買いました。,はなと おかしを かいました。,I bought flowers and sweets.
s004,～や,～や,[things] such as; and,particle,shopping,買い物,31,花や本を買いました。,はなや ほんを かいました。,I bought things like flowers and books.
s005,～など,～など,etc.; and so on,particle,shopping,買い物,31,本や花などを買いました。,ほんや はななどを かいました。,I bought things such as books and flowers.
s006,いくら,いくら,how much,pronoun,shopping,買い物,31,この花はいくらですか。,この はなは いくらですか。,How much is this flower?
s007,円,えん,yen,noun,shopping,買い物,31,この本は千円です。,この ほんは せんえんです。,"This book is 1,000 yen."
s008,高い,たかい,expensive; high,adjective,shopping,買い物,31,この花は少し高いです。,この はなは すこし たかいです。,This flower is a little expensive.
s009,安い,やすい,cheap; inexpensive,adjective,shopping,買い物,31,この店の花は安いです。,この みせの はなは やすいです。,The flowers at this shop are inexpensive.
s010,百,ひゃく,hundred,counter,shopping,買い物,31,百円あります。,ひゃくえん あります。,I have 100 yen.
s011,千,せん,thousand,counter,shopping,買い物,31,千円あります。,せんえん あります。,"I have 1,000 yen."
s012,万,まん,ten thousand,counter,shopping,買い物,31,一万円を持っています。,いちまんえんを もって います。,"I have 10,000 yen."
s013,億,おく,hundred million,counter,shopping,買い物,31,一億円あったら、何をしますか。,いちおくえん あったら、なにを しますか。,"If you had 100 million yen, what would you do?"
s014,一円,いちえん,one yen,counter,shopping,買い物,31,一円も大切なお金です。,いちえんも たいせつな おかねです。,Even one yen is valuable money.
s015,十円,じゅうえん,ten yen,counter,shopping,買い物,31,十円足りません。,じゅうえん たりません。,I'm ten yen short.
s016,百円,ひゃくえん,one hundred yen,counter,shopping,買い物,31,百円のお菓子を買いました。,ひゃくえんの おかしを かいました。,I bought a 100-yen snack.
s017,千円,せんえん,one thousand yen,counter,shopping,買い物,31,千円でこの本を買いました。,せんえんで この ほんを かいました。,"I bought this book for 1,000 yen."
s018,一万円,いちまんえん,ten thousand yen,counter,shopping,買い物,31,一万円で旅行のかばんを買いました。,いちまんえんで りょこうの かばんを かいました。,"I bought a travel bag for 10,000 yen."
s019,一億円,いちおくえん,one hundred million yen,counter,shopping,買い物,31,一億円あったら、海の近くに住みたいです。,いちおくえん あったら、うみの ちかくに すみたいです。,"If I had 100 million yen, I'd like to live near the sea."
s020,ちょっと,ちょっと,a little; a bit,adverb,shopping,買い物,31,これはちょっと高いです。,これは ちょっと たかいです。,This is a little expensive.
s021,では,では,well then; then; if so,expression,shopping,買い物,31,では、これをください。,では、これを ください。,"Well then, I'll take this."
s022,じゃ,じゃ,well then; then,expression,shopping,買い物,31,じゃ、これにします。,じゃ、これに します。,"Then, I'll take this one."
s023,お金,おかね,money,noun,shopping,買い物,31,お金より大切なものがあります。,おかねより たいせつな ものが あります。,There are things more important than money.
s024,払う,はらう,to pay,verb,shopping,買い物,31,お金を払います。,おかねを はらいます。,I pay the money.
s025,お釣り,おつり,change,noun,shopping,買い物,31,お釣りをもらいました。,おつりを もらいました。,I received my change.
s026,細かいお金,こまかいおかね,small change; coins,noun,shopping,買い物,31,細かいお金がありますか。,こまかい おかねが ありますか。,Do you have small change?
s027,足りる,たりる,to be enough; to suffice,verb,shopping,買い物,31,お金が足りません。,おかねが たりません。,I don't have enough money.
s028,生活,せいかつ,daily life; living,noun,shopping,買い物,31,小さな幸せのある生活が好きです。,ちいさな しあわせの ある せいかつが すきです。,I like a life with little happinesses.
s029,物価,ぶっか,prices; cost of living,noun,shopping,買い物,31,最近、物価が高いです。,さいきん、ぶっかが たかいです。,Prices have been high lately.
s030,いくつ,いくつ,how many; how old,pronoun,shopping,買い物,31,りんごはいくつありますか。,りんごは いくつ ありますか。,How many apples are there?
s031,全部で,ぜんぶで,in total,adverb,shopping,買い物,31,全部で千円です。,ぜんぶで せんえんです。,"It's 1,000 yen in total."
s032,～つ,～つ,[general counter] things/items,counter,shopping,買い物,31,りんごを三つ買いました。,りんごを みっつ かいました。,I bought three apples.
s033,一つ,ひとつ,one thing; one item,counter,shopping,買い物,31,花を一つ買いました。,はなを ひとつ かいました。,I bought one flower.
s034,二つ,ふたつ,two things; two items,counter,shopping,買い物,31,お菓子を二つください。,おかしを ふたつ ください。,"Two sweets, please."
s035,三つ,みっつ,three things; three items,counter,shopping,買い物,31,りんごを三つ食べました。,りんごを みっつ たべました。,I ate three apples.
s036,四つ,よっつ,four things; four items,counter,shopping,買い物,31,小さな箱が四つあります。,ちいさな はこが よっつ あります。,There are four small boxes.
s037,五つ,いつつ,five things; five items,counter,shopping,買い物,31,花を五つ買いました。,はなを いつつ かいました。,I bought five flowers.
s038,六つ,むっつ,six things; six items,counter,shopping,買い物,31,お菓子を六つ買いました。,おかしを むっつ かいました。,I bought six sweets.
s039,七つ,ななつ,seven things; seven items,counter,shopping,買い物,31,りんごを七つ買いました。,りんごを ななつ かいました。,I bought seven apples.
s040,八つ,やっつ,eight things; eight items,counter,shopping,買い物,31,小さな花が八つあります。,ちいさな はなが やっつ あります。,There are eight small flowers.
s041,九つ,ここのつ,nine things; nine items,counter,shopping,買い物,31,お菓子を九つ買いました。,おかしを ここのつ かいました。,I bought nine sweets.
s042,十,とお,ten things; ten items,counter,shopping,買い物,31,りんごを十ください。,りんごを じゅっこ ください。,"Ten apples, please."
s043,店,みせ,shop; store,noun,shopping,みせ,32,小さな店で花を買いました。,ちいさな みせで はなを かいました。,I bought flowers at a small shop.
s044,～屋,～や,shop specializing in [something]; shopkeeper suffix,suffix,shopping,みせ,32,駅の近くの本屋へ行きます。,えきの ちかくの ほんやへ いきます。,I go to the bookstore near the station.
s045,デパート,でぱーと,department store,noun,shopping,みせ,32,母とデパートへ行きました。,ははと でぱーとへ いきました。,I went to the department store with my mother.
s046,コンビニ,こんびに,convenience store,noun,shopping,みせ,32,夜、コンビニで水を買います。,よる、こんびにで みずを かいます。,"At night, I buy water at the convenience store."
s047,売る,うる,to sell,verb,shopping,みせ,32,この店ではパンを売っています。,この みせでは ぱんを うって います。,This shop sells bread.
s048,売り場,うりば,sales floor; department; section,noun,shopping,みせ,32,この売り場に花があります。,この うりばに はなが あります。,There are flowers in this sales area.
s049,コーナー,こーなー,section; corner,noun,shopping,みせ,32,本のコーナーを見ます。,ほんの こーなーを みます。,I look at the book section.
s050,棚,たな,shelf,noun,shopping,みせ,32,棚に古い本があります。,たなに ふるい ほんが あります。,There are old books on the shelf.
s051,コピーする,こぴーする,to copy; to photocopy,verb,shopping,みせ,32,この紙をコピーします。,この かみを こぴーします。,I copy this paper.
s052,チケット,ちけっと,ticket,noun,shopping,みせ,32,コンサートのチケットを買いました。,こんさーとの ちけっとを かいました。,I bought a concert ticket.
s053,カタログ,かたろぐ,catalog,noun,shopping,みせ,32,家でカタログを見ます。,いえで かたろぐを みます。,I look at a catalog at home.
s054,雑誌,ざっし,magazine,noun,shopping,みせ,32,駅で雑誌を買いました。,えきで ざっしを かいました。,I bought a magazine at the station.
s055,新聞,しんぶん,newspaper,noun,shopping,みせ,32,父は朝、新聞を読みます。,ちちは あさ、しんぶんを よみます。,My father reads the newspaper in the morning.
s056,欲しい,ほしい,to want; desired,adjective,shopping,みせ,32,新しい靴が欲しいです。,あたらしい くつが ほしいです。,I want new shoes.
s057,できる,できる,can; be able to; be made,verb,shopping,みせ,32,駅の前に新しい店ができました。,えきの まえに あたらしい みせが できました。,A new shop opened in front of the station.
s058,～でございます,～でございます,is; am; are (very polite),expression,shopping,みせ,32,こちらが千円でございます。,こちらが せんえんで ございます。,"This is 1,000 yen."
s059,お探しですか,おさがしですか,are you looking for [something]?,expression,shopping,みせ,32,「何をお探しですか。」,「なにを おさがしですか。」,“What are you looking for?”
s060,見せる,みせる,to show,verb,shopping,みせ,32,その写真を見せてください。,その しゃしんを みせて ください。,Please show me that photo.
s061,かしこまりました,cashikomarimashita,I understand; certainly; understood,expression,shopping,みせ,32,「はい、かしこまりました。」,「はい、かしこまりました。」,“Certainly.”
s062,少々お待ちください,しょうしょうおまちください,please wait a moment,expression,shopping,みせ,32,「少々お待ちください。」,「しょうしょう おまち ください。」,“Please wait a moment.”
s063,ATM,えーてぃーえむ,ATM,noun,shopping,ATM,33,駅のATMでお金を下ろします。,えきの えーてぃーえむで おかねを おろします。,I withdraw money at the ATM at the station.
s064,～方,～かた,way of doing; how to [do something],suffix,shopping,ATM,33,この使い方を教えてください。,この つかいかたを おしえて ください。,Please tell me how to use this.
s065,お引き出しですか,おひきだしですか,would you like to make a withdrawal?,expression,shopping,ATM,33,「お引き出しですか。」,「おひきだしですか。」,“Are you making a withdrawal?”
s066,現金,げんきん,cash,noun,shopping,ATM,33,現金で払います。,げんきんで はらいます。,I pay in cash.
s067,下ろす,おろす,to withdraw; to take out,verb,shopping,ATM,33,ATMで五千円を下ろしました。,えーてぃーえむで ごせんえんを おろしました。,"I withdrew 5,000 yen from the ATM."
s068,まず,まず,first; to begin with,adverb,shopping,ATM,33,まずカードを入れます。,まず かーどを いれます。,"First, I insert the card."
s069,キャッシュカード,きゃっしゅかーど,cash card; ATM card,noun,shopping,ATM,33,キャッシュカードを持っています。,きゃっしゅかーどを もって います。,I have my cash card.
s070,次に,つぎに,next; secondly,adverb,shopping,ATM,33,次に暗証番号を押します。,つぎに あんしょうばんごうを おします。,"Next, I enter the PIN."
s071,暗証番号,あんしょうばんごう,PIN; personal identification number,noun,shopping,ATM,33,暗証番号を忘れました。,あんしょうばんごうを わすれました。,I forgot my PIN.
s072,押す,おす,to press; to push,verb,shopping,ATM,33,このボタンを押してください。,この ぼたんを おして ください。,Please press this button.
s073,それから,それから,and then; after that,conjunction,shopping,ATM,33,それから、お金を取ります。,それから、おかねを とります。,"After that, I take the money."
s074,金額,きんがく,amount of money,noun,shopping,ATM,33,金額を確認します。,きんがくを かくにんします。,I check the amount.
s075,確認する,かくにんする,to confirm; to check,verb,shopping,ATM,33,金額を確認してください。,きんがくを かくにんして ください。,Please check the amount.
s076,ボタン,ぼたん,button,noun,shopping,ATM,33,赤いボタンを押します。,あかい ぼたんを おします。,I press the red button.
s077,出る,でる,to come out; to leave; to appear,verb,shopping,ATM,33,ATMからお金が出ます。,えーてぃーえむから おかねが でます。,Money comes out of the ATM.
s078,変える,かえる,to change,verb,shopping,ATM,33,千円を百円に変えます。,せんえんを ひゃくえんに かえます。,"I change 1,000 yen into 100-yen coins."
s079,郵便局,ゆうびんきょく,post office,noun,shopping,ATM,33,郵便局へ手紙を出しに行きます。,ゆうびんきょくへ てがみを だしに いきます。,I go to the post office to send a letter.
s080,ポスト,ぽすと,postbox; mailbox,noun,shopping,おくる,34,帰りにポストを見ます。,かえりに ぽすとを みます。,I check the mailbox on my way home.
s081,手紙,てがみ,letter,noun,shopping,おくる,34,久しぶりに手紙を書きました。,ひさしぶりに てがみを かきました。,I wrote a letter for the first time in a while.
s082,葉書,はがき,postcard,noun,shopping,おくる,34,友達に葉書を送りました。,ともだちに はがきを おくりました。,I sent a postcard to my friend.
s083,年賀状,ねんがじょう,New Year's card,noun,shopping,おくる,34,毎年、年賀状を書きます。,まいとし、ねんがじょうを かきます。,I write New Year's cards every year.
s084,出す,だす,to send; to put out; to submit,verb,shopping,おくる,34,手紙をポストに出します。,てがみを ぽすとに だします。,I put the letter in the mailbox.
s085,メール,めーる,email; mail,noun,shopping,おくる,34,毎朝、友達にメールを送ります。,まいあさ、ともだちに めーるを おくります。,"Every morning, I send my friend an email."
s086,送る,おくる,to send,verb,shopping,おくる,34,遠い友達に写真を送ります。,とおい ともだちに しゃしんを おくります。,I send photos to a friend who lives far away.
s087,切手,きって,postage stamp,noun,shopping,おくる,34,手紙に切手を貼ります。,てがみに きってを はります。,I put a stamp on the letter.
s088,包む,つつむ,to wrap; to package,verb,shopping,おくる,34,プレゼントを紙で包みます。,ぷれぜんとを かみで つつみます。,I wrap a present in paper.
s089,封筒,ふうとう,envelope,noun,shopping,おくる,34,封筒に手紙を入れます。,ふうとうに てがみを いれます。,I put the letter in an envelope.
s090,外国,がいこく,foreign country,noun,shopping,おくる,34,外国の友達に手紙を書きます。,がいこくの ともだちに てがみを かきます。,I write a letter to a friend abroad.
s092,航空便,こうくうびん,airmail,noun,shopping,おくる,34,航空便で手紙を送ります。,こうくうびんで てがみを おくります。,I send the letter by airmail.
s093,船便,ふなびん,sea mail; surface mail,noun,shopping,おくる,34,船便で荷物を送ります。,ふなびんで にもつを おくります。,I send the package by sea mail.
s094,荷物,にもつ,luggage; package; parcel,noun,shopping,おくる,34,荷物を家へ送ります。,にもつを いえへ おくります。,I send the package home.
s095,重い,おもい,heavy,adjective,shopping,おくる,34,この荷物は重いです。,この にもつは おもいです。,This package is heavy.
s096,軽い,かるい,light (in weight),adjective,shopping,おくる,34,このかばんは軽いです。,この かばんは かるいです。,This bag is light.
s097,プレゼント,ぷれぜんと,present; gift,noun,shopping,プレゼント,35,プレゼントは箱の中で静かです。,ぷれぜんとは はこの なかで しずかです。,The present is quiet inside the box.
s098,あげる,あげる,to give,verb,shopping,プレゼント,35,大切な人に花をあげます。,たいせつな ひとに はなを あげます。,I give flowers to someone important to me.
s099,もらう,もらう,to receive; to get,verb,shopping,プレゼント,35,友達から小さな箱をもらいました。,ともだちから ちいさな はこを もらいました。,I received a small box from my friend.
s100,くれる,くれる,to give (to me/us),verb,shopping,プレゼント,35,友達が私に花をくれました。,ともだちが わたしに はなを くれました。,My friend gave me flowers.
s101,物,もの,thing; object,noun,shopping,プレゼント,35,物には思い出があります。,ものには おもいでが あります。,Things have memories.
s102,パーティー,ぱーてぃー,party,noun,shopping,プレゼント,35,小さなパーティーを始めます。,ちいさな ぱーてぃーを はじめます。,We start a small party.
s103,始める,はじめる,to begin; to start,verb,shopping,プレゼント,35,夜になって、パーティーを始めます。,よるに なって、ぱーてぃーを はじめます。,"When night comes, we start the party."
s104,誰,だれ,who,pronoun,shopping,プレゼント,35,誰かがドアの前にいます。,だれかが どあの まえに います。,Someone is in front of the door.
s105,どなた,どなた,who (polite),pronoun,shopping,プレゼント,35,どなたですか。,どなたですか。,Who is it?
s106,あの方,あのかた,that person (polite),pronoun,shopping,プレゼント,35,あの方は誰ですか。,あの かたは だれですか。,Who is that person?
s107,クリスマス,くりすます,Christmas,noun,shopping,プレゼント,35,クリスマスの夜に雪が降りました。,くりすますの よるに ゆきが ふりました。,It snowed on Christmas night.
s108,お誕生日,おたんじょうび,birthday,noun,shopping,プレゼント,35,お誕生日に花をあげます。,おたんじょうびに はなを あげます。,I give flowers on someone's birthday.
s109,生まれる,うまれる,to be born,verb,shopping,プレゼント,35,春に生まれました。,はるに うまれました。,I was born in spring.
s110,おめでとうございます,おめでとうございます,congratulations; happy [birthday/etc.],expression,shopping,プレゼント,35,「お誕生日、おめでとうございます。」,「おたんじょうび、おめでとうございます。」,“Happy birthday.”
s111,わあ,わあ,wow; oh!,expression,shopping,プレゼント,35,わあ、空に大きな月があります。,わあ、そらに おおきな つきが あります。,"Wow, there's a big moon in the sky."
s112,何歳,なんさい,how old,expression,shopping,プレゼント,35,何歳ですか。,なんさいですか。,How old are you?
s113,おいくつ,おいくつ,how old (polite),expression,shopping,プレゼント,35,おいくつですか。,おいくつですか。,How old are you?
s114,～歳,～さい,[number] years old,counter,shopping,プレゼント,35,私は三十歳です。,わたしは さんじゅっさいです。,I am thirty years old.
s115,一歳,いっさい,one year old,counter,shopping,プレゼント,35,弟は一歳です。,おとうとは いっさいです。,My younger brother is one year old.
s116,二歳,にさい,two years old,counter,shopping,プレゼント,35,その子は二歳です。,その こは にさいです。,That child is two years old.
s117,三歳,さんさい,three years old,counter,shopping,プレゼント,35,妹は三歳です。,いもうとは さんさいです。,My younger sister is three years old.
s118,四歳,よんさい,four years old,counter,shopping,プレゼント,35,子供は四歳です。,こどもは よんさいです。,The child is four years old.
s119,五歳,ごさい,five years old,counter,shopping,プレゼント,35,息子は五歳です。,むすこは ごさいです。,My son is five years old.
s120,六歳,ろくさい,six years old,counter,shopping,プレゼント,35,その子は六歳です。,その こは ろくさいです。,That child is six years old.
s121,七歳,ななさい,seven years old,counter,shopping,プレゼント,35,娘は七歳です。,むすめは ななさいです。,My daughter is seven years old.
s122,八歳,はっさい,eight years old,counter,shopping,プレゼント,35,その子は八歳です。,その こは はっさいです。,That child is eight years old.
s123,九歳,きゅうさい,nine years old,counter,shopping,プレゼント,35,彼は九歳です。,かれは きゅうさいです。,He is nine years old.
s124,十歳,じゅっさい,ten years old,counter,shopping,プレゼント,35,弟は十歳です。,おとうとは じゅっさいです。,My younger brother is ten years old.
s125,二十歳,はたち,twenty years old,counter,shopping,プレゼント,35,今年、二十歳になります。,ことし、はたちに なります。,I will turn twenty this year.
s126,何日,なんにち,what day of the month; how many days,counter,shopping,プレゼント,35,今日は何日ですか。,きょうは なんにちですか。,What date is it today?
s127,～日,～にち,[number]th day; [number] days,counter,shopping,プレゼント,35,五月五日は子供の日です。,ごがつ いつかは こどもの ひです。,May 5 is Children's Day.
s128,一日,ついたち,the first day of the month,counter,shopping,プレゼント,35,一日は長いようで短いです。,ついたちは ながい ようで みじかいです。,"The first day seems long, but is short."
s129,二日,ふつか,the second day; two days,counter,shopping,プレゼント,35,二日に友達が来ます。,ふつかに ともだちが きます。,My friend is coming on the second.
s130,三日,みっか,the third day; three days,counter,shopping,プレゼント,35,三日に帰ります。,みっかに かえります。,I'll return on the third.
s131,四日,よっか,the fourth day; four days,counter,shopping,プレゼント,35,四日に映画を見ます。,よっかに えいがを みます。,I'll watch a movie on the fourth.
s132,五日,いつか,the fifth day; five days,counter,shopping,プレゼント,35,五日に手紙を書きます。,いつかに てがみを かきます。,I'll write a letter on the fifth.
s133,六日,むいか,the sixth day; six days,counter,shopping,プレゼント,35,六日に買い物をします。,むいかに かいものを します。,I'll go shopping on the sixth.
s134,七日,なのか,the seventh day; seven days,counter,shopping,プレゼント,35,七日に友達と会います。,なのかに ともだちと あいます。,I'll meet my friend on the seventh.
s135,八日,ようか,the eighth day; eight days,counter,shopping,プレゼント,35,八日に旅行へ行きます。,ようかに りょこうへ いきます。,I'll go on a trip on the eighth.
s136,九日,ここのか,the ninth day; nine days,counter,shopping,プレゼント,35,九日に家へ帰ります。,ここのかに いえへ かえります。,I'll go home on the ninth.
s137,十日,とおか,the tenth day; ten days,counter,shopping,プレゼント,35,十日にパーティーがあります。,とおかに ぱーてぃーが あります。,There is a party on the tenth.
s138,十一日,じゅういちにち,the eleventh day; eleven days,counter,shopping,プレゼント,35,十一日に映画を見ます。,じゅういちにちに えいがを みます。,I'll watch a movie on the eleventh.
s139,十二日,じゅうににち,the twelfth day; twelve days,counter,shopping,プレゼント,35,十二日に手紙を送ります。,じゅうににちに てがみを おくります。,I'll send a letter on the twelfth.
s140,十三日,じゅうさんにち,the thirteenth day; thirteen days,counter,shopping,プレゼント,35,十三日に友達が来ます。,じゅうさんにちに ともだちが きます。,My friend is coming on the thirteenth.
s141,十四日,じゅうよっか,the fourteenth day; fourteen days,counter,shopping,プレゼント,35,十四日に仕事があります。,じゅうよっかに しごとが あります。,I have work on the fourteenth.
s142,十五日,じゅうごにち,the fifteenth day; fifteen days,counter,shopping,プレゼント,35,十五日に会いましょう。,じゅうごにちに あいましょう。,Let's meet on the fifteenth.
s143,十六日,じゅうろくにち,the sixteenth day; sixteen days,counter,shopping,プレゼント,35,十六日に本を買います。,じゅうろくにちに ほんを かいます。,I'll buy a book on the sixteenth.
s144,十七日,じゅうしちにち,the seventeenth day; seventeen days,counter,shopping,プレゼント,35,十七日に映画館へ行きます。,じゅうしちにちに えいがかんへ いきます。,I'll go to the movie theater on the seventeenth.
s145,十八日,じゅうはちにち,the eighteenth day; eighteen days,counter,shopping,プレゼント,35,十八日に手紙が届きました。,じゅうはちにちに てがみが とどきました。,A letter arrived on the eighteenth.
s146,十九日,じゅうくにち,the nineteenth day; nineteen days,counter,shopping,プレゼント,35,十九日に雨が降りました。,じゅうくにちに あめが ふりました。,It rained on the nineteenth.
s147,二十日,はつか,the twentieth day; twenty days,counter,shopping,プレゼント,35,二十日に旅行へ行きます。,はつかに りょこうへ いきます。,I'll go on a trip on the twentieth.
s148,二十一日,にじゅういちにち,the twenty-first day; twenty-one days,counter,shopping,プレゼント,35,二十一日に友達と会います。,にじゅういちにちに ともだちと あいます。,I'll meet my friend on the twenty-first.
s149,二十二日,にじゅうににち,the twenty-second day; twenty-two days,counter,shopping,プレゼント,35,二十二日に手紙を書きます。,にじゅうににちに てがみを かきます。,I'll write a letter on the twenty-second.
s150,二十三日,にじゅうさんにち,the twenty-third day; twenty-three days,counter,shopping,プレゼント,35,二十三日に帰ります。,にじゅうさんにちに かえります。,I'll return on the twenty-third.
s151,二十四日,にじゅうよっか,the twenty-fourth day; twenty-four days,counter,shopping,プレゼント,35,二十四日に映画を見ます。,にじゅうよっかに えいがを みます。,I'll watch a movie on the twenty-fourth.
s152,二十五日,にじゅうごにち,the twenty-fifth day; twenty-five days,counter,shopping,プレゼント,35,二十五日に荷物が来ます。,にじゅうごにちに にもつが きます。,The package will arrive on the twenty-fifth.
s153,二十六日,にじゅうろくにち,the twenty-sixth day; twenty-six days,counter,shopping,プレゼント,35,二十六日に友達が来ます。,にじゅうろくにちに ともだちが きます。,My friend is coming on the twenty-sixth.
s154,二十七日,にじゅうしちにち,the twenty-seventh day; twenty-seven days,counter,shopping,プレゼント,35,二十七日に写真を見ます。,にじゅうしちにちに しゃしんを みます。,I'll look at photos on the twenty-seventh.
s155,二十八日,にじゅうはちにち,the twenty-eighth day; twenty-eight days,counter,shopping,プレゼント,35,二十八日に手紙を出します。,にじゅうはちにちに てがみを だします。,I'll mail a letter on the twenty-eighth.
s156,二十九日,にじゅうくにち,the twenty-ninth day; twenty-nine days,counter,shopping,プレゼント,35,二十九日に買い物をします。,にじゅうくにちに かいものを します。,I'll go shopping on the twenty-ninth.
s157,三十日,さんじゅうにち,the thirtieth day; thirty days,counter,shopping,プレゼント,35,三十日に友達と会います。,さんじゅうにちに ともだちと あいます。,I'll meet my friend on the thirtieth.
s158,三十一日,さんじゅういちにち,the thirty-first day; thirty-one days,counter,shopping,プレゼント,35,三十一日に今年が終わります。,さんじゅういちにちに ことしが おわります。,This year ends on the thirty-first.
h001,乗り物,のりもの,vehicle; means of transportation,noun,holiday,のりもの,36,乗り物の音が聞こえます。,のりものの おとが きこえます。,I can hear the sound of a vehicle.
h002,駅,えき,station,noun,holiday,のりもの,36,夜の駅は少し寂しいです。,よるの えきは すこし さびしいです。,The station at night is a little lonely.
h003,電車,でんしゃ,train,noun,holiday,のりもの,36,電車の窓から月を見ました。,でんしゃの まどから つきを みました。,I saw the moon through the train window.
h004,乗る,のる,to ride; to get on,verb,holiday,のりもの,36,電車に乗って帰ります。,でんしゃに のって かえります。,I take the train home.
h005,降りる,おりる,to get off; to get out,verb,holiday,のりもの,36,次の駅で降ります。,つぎの えきで おります。,I get off at the next station.
h006,切符,きっぷ,ticket,noun,holiday,のりもの,36,古い切符を一枚持っています。,ふるい きっぷを いちまい もって います。,I have an old ticket.
h007,次の,つぎの,next; following,determiner,holiday,のりもの,36,次の電車を待ちます。,つぎの でんしゃを まちます。,I wait for the next train.
h008,乗り換える,のりかえる,to transfer; to change trains,verb,holiday,のりもの,36,駅で電車を乗り換えます。,えきで でんしゃを のりかえます。,I change trains at the station.
h009,各駅,かくえき,every station; each station,noun,holiday,のりもの,36,各駅の電車に乗ります。,かくえきの でんしゃに のります。,I take the local train.
h010,急行,きゅうこう,express train,noun,holiday,のりもの,36,急行に乗ります。,きゅうこうに のります。,I take the express train.
h011,特急,とっきゅう,limited express train,noun,holiday,のりもの,36,特急は速いです。,とっきゅうは はやいです。,The limited express is fast.
h012,新幹線,しんかんせん,Shinkansen; bullet train,noun,holiday,のりもの,36,新幹線から富士山を見ました。,しんかんせんから ふじさんを みました。,I saw Mt. Fuji from the Shinkansen.
h013,地下鉄,ちかてつ,subway; metro,noun,holiday,のりもの,36,地下鉄で学校へ行きます。,ちかてつで がっこうへ いきます。,I go to school by subway.
h014,～番線,～ばんせん,platform/track number,suffix,holiday,のりもの,36,電車は三番線です。,でんしゃは さんばんせんです。,The train is on platform 3.
h015,何番線,なんばんせん,which platform; what track number,noun,holiday,のりもの,36,電車は何番線ですか。,でんしゃは なんばんせんですか。,Which platform is the train on?
h016,自動車,じどうしゃ,automobile; motor vehicle,noun,holiday,のりもの,36,自動車の音が夜の町に響きます。,じどうしゃの おとが よるの まちに ひびきます。,The sound of cars echoes through the night town.
h017,車,くるま,car; vehicle,noun,holiday,のりもの,36,車の中で音楽を聞きます。,くるまの なかで おんがくを ききます。,I listen to music in the car.
h018,運転する,うんてんする,to drive; to operate a vehicle,verb,holiday,のりもの,36,夜の道を運転します。,よるの みちを うんてんします。,I drive along the road at night.
h019,送る,おくる,to take/drive someone; to send,verb,holiday,のりもの,36,父が駅まで送ってくれました。,ちちが えきまで おくって くれました。,My father took me to the station.
h020,駐車場,ちゅうしゃじょう,parking lot,noun,holiday,のりもの,36,駐車場に車があります。,ちゅうしゃじょうに くるまが あります。,There is a car in the parking lot.
h021,止める,とめる,to stop; to park,verb,holiday,のりもの,36,駅の近くに車を止めます。,えきの ちかくに くるまを とめます。,I park the car near the station.
h022,自転車,じてんしゃ,bicycle,noun,holiday,のりもの,36,自転車で町を走ります。,じてんしゃで まちを はしります。,I ride a bicycle through town.
h023,バイク,ばいく,motorcycle; motorbike,noun,holiday,のりもの,36,夜、バイクの音が聞こえます。,よる、ばいくの おとが きこえます。,"At night, I can hear the sound of a motorcycle."
h024,バス,ばす,bus,noun,holiday,のりもの,36,最後のバスに乗ります。,さいごの ばすに のります。,I take the last bus.
h025,タクシー,たくしー,taxi,noun,holiday,のりもの,36,駅からタクシーに乗ります。,えきから たくしーに のります。,I take a taxi from the station.
h026,飛行機,ひこうき,airplane,noun,holiday,のりもの,36,飛行機から町を見ました。,ひこうきから まちを みました。,I saw the town from the airplane.
h027,船,ふね,ship; boat,noun,holiday,のりもの,36,夜の船を見ました。,よるの ふねを みました。,I saw a ship at night.
h028,乗り場,のりば,boarding area; bus/train stop,noun,holiday,のりもの,36,バスの乗り場を探します。,ばすの のりばを さがします。,I look for the bus stop.
h029,空港,くうこう,airport,noun,holiday,のりもの,36,空港で友達を待ちます。,くうこうで ともだちを まちます。,I wait for my friend at the airport.
h030,時刻表,じこくひょう,timetable,noun,holiday,のりもの,36,駅で時刻表を見ます。,えきで じこくひょうを みます。,I look at the timetable at the station.
h031,どのくらい,どのくらい,how long; how much,expression,holiday,どのくらい,37,駅までどのくらいかかりますか。,えきまで どのくらい かかりますか。,How long does it take to the station?
h032,時間,じかん,time; hours,noun,holiday,どのくらい,37,時間があれば、また会いたいです。,じかんが あれば、また あいたいです。,"If I have time, I want to see you again."
h033,急ぐ,いそぐ,to hurry,verb,holiday,どのくらい,37,急がなくても大丈夫です。,いそがなくても だいじょうぶです。,It's okay even if we don't hurry.
h034,どのぐらい,どのぐらい,how long; how much,expression,holiday,どのくらい,37,ここからどのぐらい遠いですか。,ここから どのぐらい とおいですか。,How far is it from here?
h035,かかる,かかる,to take (time/money); to cost,verb,holiday,どのくらい,37,家から駅まで十分かかります。,いえから えきまで じゅっぷん かかります。,It takes ten minutes from home to the station.
h036,近い,ちかい,near; close,adjective,holiday,どのくらい,37,君の家は駅から近いです。,きみの いえは えきから ちかいです。,Your house is close to the station.
h037,遠い,とおい,far,adjective,holiday,どのくらい,37,離れていても、心は遠くないです。,はなれて いても、こころは とおくないです。,"Even if we're apart, our hearts aren't far away."
h038,ずっと,ずっと,all the way; continuously; much more,adverb,holiday,どのくらい,37,ずっと友達でいたいです。,ずっと ともだちで いたいです。,I want us to be friends forever.
h039,いつも,いつも,always; usually,adverb,holiday,どのくらい,37,いつも同じ道を歩きます。,いつも おなじ みちを あるきます。,I always walk the same road.
h040,たいてい,たいてい,usually; generally,adverb,holiday,どのくらい,37,たいていこの道を通ります。,たいてい この みちを とおります。,I usually take this road.
h041,よく,よく,often; well,adverb,holiday,どのくらい,37,この道で君によく会いました。,この みちで きみに よく あいました。,I often met you on this road.
h042,時々,ときどき,sometimes,adverb,holiday,どのくらい,37,時々、昔のことを思います。,ときどき、むかしの ことを おもいます。,"Sometimes, I think about the past."
h043,だけ,だけ,only; just,particle,holiday,どのくらい,37,今日は少しだけ歩きます。,きょうは すこしだけ あるきます。,Today I'll walk just a little.
h044,道,みち,road; way; path,noun,holiday,みち,38,この道をまっすぐ行ってください。,この みちを まっすぐ いって ください。,Please go straight along this road.
h045,どうやって,どうやって,how; by what means,adverb,holiday,みち,38,駅までどうやって行きますか。,えきまで どうやって いきますか。,How do I get to the station?
h046,歩く,あるく,to walk,verb,holiday,みち,38,一人で夜の道を歩きます。,ひとりで よるの みちを あるきます。,I walk the streets alone at night.
h047,まっすぐ,まっすぐ,straight; directly,adverb,holiday,みち,38,この道をまっすぐ行きます。,この みちを まっすぐ いきます。,I go straight on this road.
h048,曲がる,まがる,to turn,verb,holiday,みち,38,次の角を右に曲がります。,つぎの かどを みぎに まがります。,I turn right at the next corner.
h049,渡る,わたる,to cross,verb,holiday,みち,38,橋を渡って、家へ帰ります。,はしを わたって、いえへ かえります。,I cross the bridge and go home.
h050,説明する,せつめいする,to explain,verb,holiday,みち,38,駅までの道を説明します。,えきまでの みちを せつめいします。,I explain the way to the station.
h051,角,かど,corner,noun,holiday,みち,38,次の角を左に曲がります。,つぎの かどを ひだりに まがります。,I turn left at the next corner.
h052,交差点,こうさてん,intersection; crossroads,noun,holiday,みち,38,交差点で信号を待ちます。,こうさてんで しんごうを まちます。,I wait for the light at the intersection.
h053,信号,しんごう,traffic light; signal,noun,holiday,みち,38,信号が青になりました。,しんごうが あおに なりました。,The traffic light turned green.
h054,左,ひだり,left,noun,holiday,みち,38,次の角を左です。,つぎの かどを ひだりです。,It's left at the next corner.
h055,右,みぎ,right,noun,holiday,みち,38,駅は右にあります。,えきは みぎに あります。,The station is on the right.
h056,橋,はし,bridge,noun,holiday,みち,38,橋の上から川を見ます。,はしの うえから かわを みます。,I look at the river from the bridge.
h057,東,ひがし,east,noun,holiday,みち,38,東の空が明るくなりました。,ひがしの そらが あかるく なりました。,The eastern sky has become bright.
h058,西,にし,west,noun,holiday,みち,38,西の空に夕日があります。,にしの そらに ゆうひが あります。,There is a sunset in the western sky.
h059,南,みなみ,south,noun,holiday,みち,38,南の海へ行きたいです。,みなみの うみへ いきたいです。,I want to go to the southern sea.
h060,北,きた,north,noun,holiday,みち,38,北の町に友達がいます。,きたの まちに ともだちが います。,My friend lives in a town in the north.
h061,いくつ目,いくつめ,which one in sequence; how many-th,expression,holiday,みち,38,いくつ目の駅で降りますか。,いくつめの えきで おりますか。,At which station do you get off?
h062,一つ目,ひとつめ,the first one,noun,holiday,みち,38,一つ目の角を右に曲がります。,ひとつめの かどを みぎに まがります。,Turn right at the first corner.
h063,二つ目,ふたつめ,the second one,noun,holiday,みち,38,二つ目の角を左に曲がります。,ふたつめの かどを ひだりに まがります。,Turn left at the second corner.
h064,何メートル,なんめーとる,how many meters,expression,holiday,みち,38,駅まで何メートルですか。,えきまで なんめーとるですか。,How many meters is it to the station?
h065,～メートル,～めーとる,[number] meters,counter,holiday,みち,38,駅まで五百メートルです。,えきまで ごひゃくめーとるです。,It's 500 meters to the station.
h066,どこ,どこ,where,pronoun,holiday,どこ,39,君はどこにいますか。,きみは どこに いますか。,Where are you?
h067,隣,となり,next to; next door,noun,holiday,どこ,39,君の隣に座りたいです。,きみの となりに すわりたいです。,I want to sit beside you.
h068,間,あいだ,between; interval; space,noun,holiday,どこ,39,駅と学校の間に公園があります。,えきと がっこうの あいだに こうえんが あります。,There is a park between the station and the school.
h069,近く,ちかく,nearby; vicinity,noun,holiday,どこ,39,駅の近くで待っています。,えきの ちかくで まって います。,I'm waiting near the station.
h070,上,うえ,above; on; up,noun,holiday,どこ,39,机の上に手紙があります。,つくえの うえに てがみが あります。,There is a letter on the desk.
h071,下,した,below; under; down,noun,holiday,どこ,39,ベッドの下に猫がいます。,べっどの したに ねこが います。,There is a cat under the bed.
h072,前,まえ,in front; before,noun,holiday,どこ,39,家の前で待ちます。,いえの まえで まちます。,I'll wait in front of the house.
h073,後ろ,うしろ,behind; back,noun,holiday,どこ,39,君の後ろを歩きます。,きみの うしろを あるきます。,I walk behind you.
h074,中,なか,inside; middle,noun,holiday,どこ,39,かばんの中に鍵があります。,かばんの なかに かぎが あります。,There is a key inside the bag.
h075,外,そと,outside,noun,holiday,どこ,39,雨が降っているので、外へ出ません。,あめが ふって いるので、そとへ でません。,"It's raining, so I won't go outside."
h076,あそこ,あそこ,over there,pronoun,holiday,どこ,39,あそこに駅があります。,あそこに えきが あります。,There is a station over there.
h077,ここ,ここ,here,pronoun,holiday,どこ,39,ここで少し待ちます。,ここで すこし まちます。,I'll wait here for a little while.
h078,そこ,そこ,there,pronoun,holiday,どこ,39,そこに置いてください。,そこに おいて ください。,Please put it there.
h079,どこ,どこ,where,pronoun,holiday,どこ,39,鍵はどこですか。,かぎは どこですか。,Where are the keys?
h080,出かける,でかける,to go out; to leave home,verb,holiday,出かける,40,今日は一人で出かけます。,きょうは ひとりで でかけます。,I'm going out alone today.
h081,出る,でる,to leave; to go out; to exit,verb,holiday,出かける,40,七時に家を出ます。,しちじに いえを でます。,I leave home at seven.
h082,着く,つく,to arrive,verb,holiday,出かける,40,駅に着いたら電話します。,えきに ついたら でんわします。,I'll call when I arrive at the station.
h083,会う,あう,to meet,verb,holiday,出かける,40,またいつか会いたいです。,また いつか あいたいです。,I want to see you again someday.
h084,待つ,まつ,to wait,verb,holiday,出かける,40,駅で君を待っています。,えきで きみを まって います。,I'm waiting for you at the station.
h085,デートする,でーとする,to go on a date,verb,holiday,出かける,40,今度、一緒にデートしませんか。,こんど、いっしょに でーと しませんか。,Would you like to go on a date sometime?
h086,約束する,やくそくする,to promise; to make an appointment,verb,holiday,出かける,40,また会うと約束しました。,また あうと やくそくしました。,We promised to meet again.
h087,用事,ようじ,errand; business; something to do,noun,holiday,出かける,40,今日はちょっと用事があります。,きょうは ちょっと ようじが あります。,I have something to take care of today.
h088,都合がいい,つごうがいい,convenient; suitable; available,expression,holiday,出かける,40,土曜日なら都合がいいです。,どようびなら つごうが いいです。,Saturday works for me.
h089,都合が悪い,つごうがわるい,inconvenient; unavailable,expression,holiday,出かける,40,明日は都合が悪いです。,あしたは つごうが わるいです。,Tomorrow doesn't work for me.
h090,だめです,だめです,no good; not allowed; impossible,expression,holiday,出かける,40,ごめんなさい、今日はだめです。,ごめんなさい、きょうは だめです。,"I'm sorry, I can't today."
h091,帰る,かえる,to return; to go home,verb,holiday,出かける,40,またこの道を通って帰ります。,また この みちを とおって かえります。,I'll go home along this road again.
h092,お出かけですか,おでかけですか,are you going out?,expression,holiday,出かける,40,「お出かけですか。」,「おでかけですか。」,“Are you going out?”
h093,ちょっと～まで,ちょっと～まで,just to [somewhere]; only as far as [somewhere],expression,holiday,出かける,40,ちょっと駅まで行ってきます。,ちょっと えきまで いって きます。,I'm just going to the station and back.
h094,よかったら,よかったら,if you like; if it's okay with you,expression,holiday,出かける,40,よかったら、一緒に帰りませんか。,よかったら、いっしょに かえりませんか。,"If you'd like, shall we go home together?"
h095,すみません,すみません,excuse me; I'm sorry; thank you,expression,holiday,出かける,40,すみません、駅はどこですか。,すみません、えきは どこですか。,"Excuse me, where is the station?"
h096,～でも～ませんか,～でも～ませんか,would you like to [do something] or something?,expression,holiday,出かける,40,お茶でも飲みませんか。,おちゃでも のみませんか。,Would you like to have some tea or something?
h097,～はちょっと…,～はちょっと…,I'm afraid [something] is a little difficult; [something] is not convenient,expression,holiday,出かける,40,明日はちょっと…。,あしたは ちょっと…。,Tomorrow might be a little difficult…
h098,残念ですが,ざんねんですが,unfortunately; I'm sorry but,expression,holiday,出かける,40,残念ですが、今日は帰ります。,ざんねんですが、きょうは かえります。,"Unfortunately, I'm going home today."
h099,また今度お願いします,またこんどおねがいします,maybe next time; please ask me again another time,expression,holiday,出かける,40,「今日はだめです。また今度お願いします。」,「きょうは だめです。また こんど おねがいします。」,“I can't today. Maybe next time.”
h100,チャンス,ちゃんす,chance,noun,holiday,出かける,40,またチャンスがあります。,また ちゃんすが あります。,There will be another chance.
h101,行ってきます,いってきます,I'm leaving; see you when I get back,expression,holiday,出かける,40,「行ってきます。」,「いって きます。」,“I'm off; see you when I get back.”
h102,行ってらっしゃい,いってらっしゃい,see you; take care; have a good day,expression,holiday,出かける,40,「行ってらっしゃい。」,「いって らっしゃい。」,“Take care; see you later.”
h103,ただいま,ただいま,I'm home; I'm back,expression,holiday,出かける,40,「ただいま。」,「ただいま。」,“I'm home.”
h104,お帰りなさい,おかえりなさい,welcome home; welcome back,expression,holiday,出かける,40,「お帰りなさい。」,「おかえりなさい。」,“Welcome home.”
l001,家,いえ,house; home,noun,living,住む,41,帰る家があるのは幸せです。,かえる いえが あるのは しあわせです。,Having a home to return to is happiness.
l002,部屋,へや,room,noun,living,住む,41,夜の部屋は静かです。,よるの へやは しずかです。,The room is quiet at night.
l003,窓,まど,window,noun,living,住む,41,窓を開けると風が入ります。,まどを あけると かぜが はいります。,"When I open the window, the wind comes in."
l004,ドア,どあ,door,noun,living,住む,41,ドアの前に誰かいます。,どあの まえに だれか います。,Someone is in front of the door.
l005,開ける,あける,to open,verb,living,住む,41,朝、窓を開けます。,あさ、まどを あけます。,I open the window in the morning.
l006,閉める,しめる,to close,verb,living,住む,41,夜、窓を閉めます。,よる、まどを しめます。,I close the window at night.
l007,鍵,かぎ,key; lock,noun,living,住む,41,鍵をかけて家を出ます。,かぎを かけて いえを でます。,I lock the door and leave home.
l008,ベッド,べっど,bed,noun,living,住む,41,ベッドの上で本を読みます。,べっどの うえで ほんを よみます。,I read a book on the bed.
l009,ダイニングキッチン,だいにんぐきっちん,dining kitchen; dining area with kitchen,noun,living,住む,41,ダイニングキッチンで晩ご飯を食べます。,だいにんぐきっちんで ばんごはんを たべます。,I eat dinner in the dining kitchen.
l010,和室,わしつ,Japanese-style room,noun,living,住む,41,和室で静かに座ります。,わしつで しずかに すわります。,I sit quietly in the Japanese-style room.
l011,トイレ,といれ,toilet; restroom,noun,living,住む,41,トイレは部屋の外です。,といれは へやの そとです。,The toilet is outside the room.
l012,お手洗い,おてあらい,restroom; toilet,noun,living,住む,41,お手洗いはどこですか。,おてあらいは どこですか。,Where is the restroom?
l013,布団,ふとん,futon; Japanese bedding,noun,living,住む,41,布団に入って本を読みます。,ふとんに はいって ほんを よみます。,I get into the futon and read a book.
l014,テーブル,てーぶる,table,noun,living,住む,41,テーブルの上に花があります。,てーぶるの うえに はなが あります。,There are flowers on the table.
l015,机,つくえ,desk; table,noun,living,住む,41,机の前に座ります。,つくえの まえに すわります。,I sit at the desk.
l016,椅子,いす,chair,noun,living,住む,41,椅子に座って手紙を書きます。,いすに すわって てがみを かきます。,I sit in a chair and write a letter.
l017,座る,すわる,to sit,verb,living,住む,41,君の隣に座ります。,きみの となりに すわります。,I sit beside you.
l018,立つ,たつ,to stand,verb,living,住む,41,朝、窓の前に立ちます。,あさ、まどの まえに たちます。,"In the morning, I stand by the window."
l019,洗濯する,せんたくする,to do laundry; to wash clothes,verb,living,住む,41,日曜日に洗濯します。,にちようびに せんたくします。,I do laundry on Sundays.
l020,掃除する,そうじする,to clean,verb,living,住む,41,朝、部屋を掃除します。,あさ、へやを そうじします。,I clean my room in the morning.
l021,ごみ,ごみ,garbage; trash,noun,living,住む,41,ごみを捨ててから出かけます。,ごみを すててから でかけます。,I throw away the trash before going out.
l022,捨てる,すてる,to throw away; to discard,verb,living,住む,41,古い手紙を捨てません。,ふるい てがみを すてません。,I don't throw away old letters.
l023,置く,おく,to put; to place,verb,living,住む,41,机の上に鍵を置きます。,つくえの うえに かぎを おきます。,I put the key on the desk.
l024,住む,すむ,to live; to reside,verb,living,住む,41,この町にずっと住みたいです。,この まちに ずっと すみたいです。,I want to live in this town for a long time.
l025,住所,じゅうしょ,address,noun,living,住む,41,住所を紙に書きます。,じゅうしょを かみに かきます。,I write the address on paper.
l026,冷蔵庫,れいぞうこ,refrigerator,noun,living,住む,41,冷蔵庫にケーキがあります。,れいぞうこに けーきが あります。,There is cake in the refrigerator.
l027,洗濯機,せんたくき,washing machine,noun,living,住む,41,洗濯機を使います。,せんたくきを つかいます。,I use the washing machine.
l028,掃除機,そうじき,vacuum cleaner,noun,living,住む,41,掃除機で部屋を掃除します。,そうじきで へやを そうじします。,I clean the room with a vacuum cleaner.
l030,建物,たてもの,building,noun,living,アパートの二階,42,あの建物を見ると、昔を思い出します。,あの たてものを みると、むかしを おもいだします。,Seeing that building reminds me of the past.
l031,アパート,あぱーと,apartment,noun,living,アパートの二階,42,駅の近くのアパートに住んでいます。,えきの ちかくの あぱーとに すんで います。,I live in an apartment near the station.
l032,寮,りょう,dormitory; student residence,noun,living,アパートの二階,42,学生のころ、寮に住んでいました。,がくせいの ころ、りょうに すんで いました。,I lived in a dorm when I was a student.
l033,ビル,びる,building; office building,noun,living,アパートの二階,42,夜のビルに明かりがあります。,よるの びるに あかりが あります。,There are lights on in the buildings at night.
l034,階段,かいだん,stairs; staircase,noun,living,アパートの二階,42,階段をゆっくり上ります。,かいだんを ゆっくり のぼります。,I slowly climb the stairs.
l035,エスカレーター,えすかれーたー,escalator,noun,living,アパートの二階,42,エスカレーターで上へ行きます。,えすかれーたーで うえへ いきます。,I go upstairs by escalator.
l036,エレベーター,えれべーたー,elevator,noun,living,アパートの二階,42,エレベーターで五階へ行きます。,えれべーたーで ごかいへ いきます。,I take the elevator to the fifth floor.
l037,何階,なんがい,what floor,noun,living,アパートの二階,42,何階に住んでいますか。,なんがいに すんで いますか。,What floor do you live on?
l038,～階,～かい／～がい,floor; story,counter,living,アパートの二階,42,私の部屋は三階です。,わたしの へやは さんがいです。,My room is on the third floor.
l039,九階,きゅうかい,ninth floor,counter,living,アパートの二階,42,九階から町を見ます。,きゅうかいから まちを みます。,I look at the town from the ninth floor.
l040,七階,ななかい,seventh floor,counter,living,アパートの二階,42,七階に友達の部屋があります。,ななかいに ともだちの へやが あります。,My friend's room is on the seventh floor.
l041,五階,ごかい,fifth floor,counter,living,アパートの二階,42,五階まで階段で行きます。,ごかいまで かいだんで いきます。,I go up to the fifth floor by stairs.
l042,三階,さんがい,third floor,counter,living,アパートの二階,42,三階に小さな部屋があります。,さんがいに ちいさな へやが あります。,There is a small room on the third floor.
l043,一階,いっかい,first floor,counter,living,アパートの二階,42,一階に店があります。,いっかいに みせが あります。,There is a shop on the first floor.
l044,二階,にかい,second floor,counter,living,アパートの二階,42,二階の窓を開けます。,にかいの まどを あけます。,I open the second-floor window.
l045,地下,ちか,underground; basement,noun,living,アパートの二階,42,地下に小さな店があります。,ちかに ちいさな みせが あります。,There is a small shop underground.
l046,引っ越し,ひっこし,moving house; relocation,noun,living,ひっこし,42,来月、引っ越しをします。,らいげつ、ひっこしを します。,I'm moving next month.
l047,転勤する,てんきんする,to be transferred (for work),verb,living,ひっこし,43,父は大阪へ転勤しました。,ちちは おおさかへ てんきんしました。,My father was transferred to Osaka.
l048,家賃,やちん,rent,noun,living,ひっこし,43,このアパートは家賃が高いです。,この あぱーとは やちんが たかいです。,The rent for this apartment is expensive.
l049,所,ところ,place; location,noun,living,ひっこし,43,静かな所に住みたいです。,しずかな ところに すみたいです。,I want to live somewhere quiet.
l050,田舎,いなか,countryside; rural area,noun,living,ひっこし,43,田舎の夜は静かです。,いなかの よるは しずかです。,Nights in the countryside are quiet.
l051,静かな,しずかな,quiet,adjective,living,ひっこし,43,静かな町で暮らしたいです。,しずかな まちで くらしたいです。,I want to live in a quiet town.
l052,賑やかな,にぎやかな,lively; bustling,adjective,living,ひっこし,43,賑やかな町も好きです。,にぎやかな まちも すきです。,I also like lively towns.
l053,便利な,べんりな,convenient,adjective,living,ひっこし,43,駅の近くは便利です。,えきの ちかくは べんりです。,Living near a station is convenient.
l054,不便な,ふべんな,inconvenient,adjective,living,ひっこし,43,駅から遠い所は少し不便です。,えきから とおい ところは すこし ふべんです。,Places far from stations are a little inconvenient.
l055,交通,こうつう,transportation; traffic,noun,living,ひっこし,43,この町は交通が便利です。,この まちは こうつうが べんりです。,Transportation is convenient in this town.
l056,庭,にわ,garden; yard,noun,living,ひっこし,43,庭に小さな木があります。,にわに ちいさな きが あります。,There is a small tree in the garden.
l057,木,き,tree,noun,living,ひっこし,43,窓の外に大きな木があります。,まどの そとに おおきな きが あります。,There is a big tree outside the window.
l058,緑,みどり,greenery; green,noun,living,ひっこし,43,緑の多い町が好きです。,みどりの おおい まちが すきです。,I like towns with lots of greenery.
l059,若い,わかい,young,adjective,living,ひっこし,43,若いころの写真を見ました。,わかい ころの しゃしんを みました。,I looked at photos from when I was young.
l060,年を取る,としをとる,to grow old; to age,verb,living,ひっこし,43,年を取っても元気でいたいです。,としを とっても げんきで いたいです。,I want to stay healthy even as I grow older.
l061,市役所,しやくしょ,city hall; municipal office,noun,living,ひっこし,43,市役所で住所を確認します。,しやくしょで じゅうしょを かくにんします。,I check my address at city hall.
l062,広い,ひろい,spacious; wide; large,adjective,living,ひっこし,43,新しい部屋は広いです。,あたらしい へやは ひろいです。,The new room is spacious.
l063,狭い,せまい,narrow; cramped,adjective,living,ひっこし,43,この部屋は少し狭いです。,この へやは すこし せまいです。,This room is a little small.
l064,新しい,あたらしい,new,adjective,living,ひっこし,43,新しい家に少し慣れました。,あたらしい いえに すこし なれました。,I've gotten a little used to the new house.
l065,古い,ふるい,old,adjective,living,ひっこし,43,古い家には思い出があります。,ふるい いえには おもいでが あります。,Old houses have memories.
l066,先生の家,せんせいのいえ,teacher's house,noun,living,せんせいのいえ,43,先生の家へ行きました。,せんせいの いえへ いきました。,I went to my teacher's house.
l067,いらっしゃい,いらっしゃい,welcome; come in,expression,living,せんせいのいえ,44,「いらっしゃい。」と笑いました。,「いらっしゃい。」と わらいました。,"They smiled and said, “Welcome.”"
l068,どうぞお上がりください,どうぞおあがりください,please come in,expression,living,せんせいのいえ,44,「どうぞお上がりください。」,「どうぞ おあがり ください。」,“Please come in.”
l069,失礼します,しつれいします,excuse me; I'm entering/leaving,expression,living,せんせいのいえ,44,「失礼します。」と言って、部屋に入りました。,「しつれいします。」と いって、へやに はいりました。,"I said, “Excuse me,” and entered the room."
l070,そろそろ失礼します,そろそろしつれいします,I'm afraid I should be going soon,expression,living,せんせいのいえ,44,「そろそろ失礼します。」,「そろそろ しつれいします。」,“I should get going soon.”
l071,またいらっしゃってください,またいらっしゃってください,please come again,expression,living,せんせいのいえ,44,「またいらっしゃってください。」,「また いらっしゃって ください。」,“Please come again.”
l072,夫,おっと,my husband,noun,living,せんせいのいえ,44,夫と夜の町を歩きます。,おっとと よるの まちを あるきます。,I walk through the town at night with my husband.
l073,妻,つま,my wife,noun,living,せんせいのいえ,44,妻と小さな家に住んでいます。,つまと ちいさな いえに すんで います。,I live in a small house with my wife.
l074,ご主人,ごしゅじん,someone else's husband,noun,living,せんせいのいえ,44,ご主人はお元気ですか。,ごしゅじんは おげんきですか。,Is your husband well?
l075,奥さん,おくさん,someone else's wife; Mrs.,noun,living,せんせいのいえ,44,奥さんはお元気ですか。,おくさんは おげんきですか。,Is your wife well?
l076,紹介する,しょうかいする,to introduce,verb,living,せんせいのいえ,44,友達を先生に紹介します。,ともだちを せんせいに しょうかいします。,I introduce my friend to my teacher.
l077,こちらは～さんです,こちらは～さんです,this is Mr./Ms. ～,expression,living,せんせいのいえ,44,「こちらは田中さんです。」,「こちらは たなかさんです。」,“This is Mr./Ms. Tanaka.”
l078,これからお世話になります,これからおせわになります,I look forward to your help; I hope we'll get along,expression,living,せんせいのいえ,44,「これからお世話になります。」,「これから おせわに なります。」,“I look forward to your help from now on.”
l079,いらっしゃいます,いらっしゃいます,is; exists (honorific),verb,living,せんせいのいえ,44,先生は部屋にいらっしゃいます。,せんせいは へやに いらっしゃいます。,The teacher is in the room.
l080,独身,どくしん,single; unmarried,noun,living,せんせいのいえ,44,彼はまだ独身です。,かれは まだ どくしんです。,He is still single.
l081,結婚する,けっこんする,to get married,verb,living,せんせいのいえ,44,来年、結婚します。,らいねん、けっこんします。,I'm getting married next year.
l082,僕,ぼく,I; me (typically masculine),pronoun,living,せんせいのいえ,44,僕はここで待ちます。,ぼくは ここで まちます。,I'll wait here.
l083,ありがとうございました,ありがとうございました,thank you very much,expression,living,せんせいのいえ,44,「ありがとうございました。」と笑いました。,「ありがとうございました。」と わらいました。,"They smiled and said, “Thank you very much.”"
l084,いろいろと,いろいろと,in various ways; in many ways,adverb,living,せんせいのいえ,44,いろいろとありがとうございました。,いろいろと ありがとうございました。,Thank you for everything.
l085,お世話になりました,おせわになりました,thank you for all your help; thank you for taking care of me,expression,living,せんせいのいえ,44,「いろいろとお世話になりました。」,「いろいろと おせわに なりました。」,“Thank you for all your help.”
l086,気をつけて,きをつけて,take care; be careful,expression,living,せんせいのいえ,44,「気をつけて帰ってください。」,「きを つけて かえって ください。」,“Take care on your way home.”
l087,危ない,あぶない,dangerous; watch out,adjective,living,せんせいのいえ,44,夜の道は危ないです。,よるの みちは あぶないです。,The roads are dangerous at night.
l088,週末,しゅうまつ,weekend,noun,living,せんせいのいえ,44,週末は家でゆっくりします。,しゅうまつは いえで ゆっくりします。,I relax at home on weekends.
l089,初め,はじめ,beginning; start,noun,living,せんせいのいえ,44,月の初めに手紙を書きます。,つきの はじめに てがみを かきます。,I write a letter at the beginning of the month.
l090,終わり,おわり,end; finish,noun,living,せんせいのいえ,44,夏の終わりは少し寂しいです。,なつの おわりは すこし さびしいです。,The end of summer is a little lonely.
l091,一昨日,おととい,the day before yesterday,noun,living,せんせいのいえ,44,一昨日、昔の友達に会いました。,おととい、むかしの ともだちに あいました。,"The day before yesterday, I met an old friend."
l092,明後日,あさって,the day after tomorrow,noun,living,せんせいのいえ,44,明後日、またここへ来ます。,あさって、また ここへ きます。,I'll come here again the day after tomorrow.
l093,先週,せんしゅう,last week,noun,living,せんせいのいえ,44,先週、この町を歩きました。,せんしゅう、この まちを あるきました。,I walked around this town last week.
l094,今週,こんしゅう,this week,noun,living,せんせいのいえ,44,今週は少し忙しいです。,こんしゅうは すこし いそがしいです。,I'm a little busy this week.
l095,来週,らいしゅう,next week,noun,living,せんせいのいえ,44,来週、引っ越します。,らいしゅう、ひっこします。,I'm moving next week.
l096,先月,せんげつ,last month,noun,living,せんせいのいえ,44,先月、この部屋を見つけました。,せんげつ、この へやを みつけました。,I found this room last month.
l097,今月,こんげつ,this month,noun,living,せんせいのいえ,44,今月は家で過ごします。,こんげつは いえで すごします。,I'll spend this month at home.
l098,来月,らいげつ,next month,noun,living,せんせいのいえ,44,来月、新しい生活を始めます。,らいげつ、あたらしい せいかつを はじめます。,I'll start a new life next month.
l099,電気,でんき,electricity; light,noun,living,電気,44,夜、一人で電気をつけます。,よる、ひとりで でんきを つけます。,"At night, I turn on the light when I'm alone."
l100,つける,つける,to turn on; to switch on,verb,living,電気,45,部屋の電気をつけます。,へやの でんきを つけます。,I turn on the room light.
l101,消す,けす,to turn off; to erase,verb,living,電気,45,寝る前に電気を消します。,ねる まえに でんきを けします。,I turn off the light before bed.
l102,明るい,あかるい,bright; light,adjective,living,電気,45,朝の部屋は明るいです。,あさの へやは あかるいです。,The room is bright in the morning.
l103,暗い,くらい,dark,adjective,living,電気,45,夜の部屋は暗いです。,よるの へやは くらいです。,The room is dark at night.
l104,エアコン,えあこん,air conditioner,noun,living,電気,45,夏はエアコンをつけます。,なつは えあこんを つけます。,I turn on the air conditioner in summer.
l105,ビデオ,びでお,video,noun,living,電気,45,昔のビデオを見ました。,むかしの びでおを みました。,I watched an old video.
l106,スイッチ,すいっち,switch,noun,living,電気,45,スイッチを押します。,すいっちを おします。,I press the switch.
l107,回す,まわす,to turn; to rotate,verb,living,電気,45,スイッチを回します。,すいっちを まわします。,I turn the switch.
l108,引く,ひく,to pull,verb,living,電気,45,ドアを引きます。,どあを ひきます。,I pull the door.
l109,動く,うごく,to move; to work/function,verb,living,電気,45,時計が動きません。,とけいが うごきません。,The clock isn't moving.
l110,音,おと,sound; noise,noun,living,電気,45,隣の部屋から音がします。,となりの へやから おとが します。,I hear a sound from the next room.
l111,もし～たら,もし～たら,if; in case,expression,living,電気,45,もし雨が降ったら、家にいます。,もし あめが ふったら、いえに います。,"If it rains, I'll stay home."
l112,故障する,こしょうする,to break down; to malfunction,verb,living,電気,45,エアコンが故障しました。,えあこんが こしょうしました。,The air conditioner broke down.
l113,修理する,しゅうりする,to repair,verb,living,電気,45,明日、エアコンを修理します。,あした、えあこんを しゅうりします。,I'll repair the air conditioner tomorrow.
l114,呼ぶ,よぶ,to call; to invite,verb,living,電気,45,修理の人を呼びます。,しゅうりの ひとを よびます。,I'll call someone to repair it.
l115,直す,なおす,to fix; to repair; to correct,verb,living,電気,45,壊れた時計を直します。,こわれた とけいを なおします。,I fix the broken clock.
l116,製品,せいひん,product; manufactured goods,noun,living,電気,45,この製品は新しいです。,この せいひんは あたらしいです。,This product is new.
l117,健康,けんこう,health; healthy,noun,health,びょうき,45,健康が一番大切です。,けんこうが いちばん たいせつです。,Health is the most important thing.
l001,病気,びょうき,illness; sickness,noun,health,びょうき,46,病気にならないように気をつけます。,びょうきに ならない ように きを つけます。,I take care not to get sick.
l002,病院,びょういん,hospital,noun,health,びょうき,46,今日は病院へ行きます。,きょうは びょういんへ いきます。,I'm going to the hospital today.
l003,どうしましたか,どうしましたか,what's wrong?; what happened?,phrase,health,びょうき,46,「どうしましたか。」,「どうしましたか。」,“What happened?” / “What's wrong?”
l004,熱,ねつ,fever,noun,health,びょうき,46,熱があります。,ねつが あります。,I have a fever.
l005,風邪,かぜ,cold,noun,health,びょうき,46,風邪をひきました。,かぜを ひきました。,I caught a cold.
l006,インフルエンザ,インフルエンザ,influenza; flu,noun,health,びょうき,46,インフルエンザで休みました。,いんふるえんざで やすみました。,I was absent because of the flu.
l007,薬,くすり,medicine,noun,health,びょうき,46,病院でもらった薬を飲みます。,びょういんで もらった くすりを のみます。,I take the medicine I got at the hospital.
l008,目,め,eye,noun,health,びょうき,46,目が少し疲れています。,めが すこし つかれて います。,My eyes are a little tired.
l009,鼻,はな,nose,noun,health,びょうき,46,鼻が痛いです。,はなが いたいです。,My nose hurts.
l010,耳,みみ,ear,noun,health,びょうき,46,耳が痛いです。,みみが いたいです。,My ear hurts.
l011,口,くち,mouth,noun,health,びょうき,46,口を大きく開けてください。,くちを おおきく あけて ください。,Please open your mouth wide.
l012,喉,のど,throat,noun,health,びょうき,46,喉が痛いです。,のどが いたいです。,My throat hurts.
l013,頭,あたま,head,noun,health,びょうき,46,頭が痛いです。,あたまが いたいです。,My head hurts.
l014,顔,かお,face,noun,health,びょうき,46,朝、顔を洗います。,あさ、かおを あらいます。,I wash my face in the morning.
l015,手,て,hand,noun,health,びょうき,46,手を洗ってください。,てを あらって ください。,Please wash your hands.
l016,お腹,おなか,stomach; belly,noun,health,びょうき,46,お腹が痛いです。,おなかが いたいです。,My stomach hurts.
l017,足,あし,leg; foot,noun,health,びょうき,46,歩きすぎて足が痛いです。,あるきすぎて あしが いたいです。,My feet hurt from walking too much.
l018,お大事に,おだいじに,take care; get well soon,phrase,health,びょうき,46,「お大事に。」,「おだいじに。」,“Take care.”
l019,"2,3日","に, さんにち",health,expression,health,びょうき,46,2、3日休みます。,に、さんにち やすみます。,I'll rest for two or three days.
l020,～が痛い,～がいたい,~ hurts,grammar,health,びょうき,46,昨日から歯が痛いです。,きのうから はが いたいです。,My tooth has hurt since yesterday.
l021,歯医者さん,はいしゃさん,dentist,noun,health,びょうき,46,歯医者さんへ行きます。,はいしゃさんへ いきます。,I'm going to the dentist.
l022,一人で,ひとりで,by oneself; alone,expression,health,びょうき,46,一人で病院へ行きました。,ひとりで びょういんへ いきました。,I went to the hospital alone.
l023,健康保険証,けんこうほけんしょう,health insurance card,noun,health,びょうき,46,健康保険証を持って来てください。,けんこう ほけんしょうを もって きて ください。,Please bring your health insurance card.
l024,お元気ですか,おげんきですか,how are you?,phrase,health,お元気ですか,46,「お元気ですか。」,「おげんきですか。」,“How are you?”
l025,体,からだ,body,noun,health,お元気ですか,47,体を大切にしてください。,からだを たいせつに して ください。,Please take care of yourself.
l026,体にいい,からだにいい,good for the health,expression,health,お元気ですか,47,野菜は体にいいです。,やさいは からだに いいです。,Vegetables are good for your health.
l027,調子,ちょうし,condition; state,noun,health,お元気ですか,47,今日は体の調子がいいです。,きょうは からだの ちょうしが いいです。,I feel well today.
l028,疲れる,つかれる,to get tired,verb,health,お元気ですか,47,仕事のあとで疲れます。,しごとの あとで つかれます。,I get tired after work.
l029,眠い,ねむい,sleepy,i-adjective,health,お元気ですか,47,夜はとても眠いです。,よるは とても ねむいです。,I'm very sleepy at night.
l030,早く,はやく,quickly; early,adverb,health,お元気ですか,47,今日は早く帰ります。,きょうは はやく かえります。,I'll go home early today.
l031,大変な,たいへんな,difficult; troublesome; serious,na-adjective,health,お元気ですか,47,新しい生活は大変です。,あたらしい せいかつは たいへんです。,A new life is difficult.
l032,最近,さいきん,recently; lately,adverb,health,お元気ですか,47,最近、昔の歌をよく聞きます。,さいきん、むかしの うたを よく ききます。,"Recently, I've been listening to old songs a lot."
l033,心配する,しんぱいする,to worry,verb,health,お元気ですか,47,家族のことを心配します。,かぞくの ことを しんぱいします。,I worry about my family.
l034,タバコを吸う,タバコをすう,to smoke,verb,health,お元気ですか,47,父はタバコを吸いません。,ちちは たばこを すいません。,My father doesn't smoke.
l035,禁煙,きんえん,no smoking; smoking cessation,noun,health,お元気ですか,47,この店は禁煙です。,この みせは きんえんです。,This shop is non-smoking.
l036,大丈夫な,だいじょうぶな,okay; all right,na-adjective,health,お元気ですか,47,今日は大丈夫です。,きょうは だいじょうぶです。,I'm okay today.
l037,無理な,むりな,unreasonable; impossible; excessive,na-adjective,health,お元気ですか,47,無理なことはしません。,むりな ことは しません。,I don't do things that are too much for me.
l038,ダイエット,ダイエット,diet; dieting,noun,health,お元気ですか,47,無理なダイエットはしません。,むりな だいえっとは しません。,I don't do extreme diets.
l039,思い出す,おもいだす,to remember; recall,verb,health,お元気ですか,47,古い写真を見て、友達を思い出しました。,ふるい しゃしんを みて、ともだちを おもいだしました。,Looking at an old photo reminded me of my friend.
l040,寂しい,さびしい,lonely,i-adjective,health,お元気ですか,47,一人の夜は少し寂しいです。,ひとりの よるは すこし さびしいです。,Nights alone are a little lonely.
l041,お久しぶりですね,おひさしぶりですね,long time no see,phrase,health,お元気ですか,47,「お久しぶりですね。」,「おひさしぶりですね。」,“It's been a long time.”
l042,ああ,ああ,ah; oh,interjection,health,お元気ですか,47,「ああ、久しぶり。」,「ああ、ひさしぶり。」,"“Ah, it's been a while.”"
l043,おかげさまで,おかげさまで,thanks to you; thankfully,phrase,health,お元気ですか,47,「お元気ですか。」「おかげさまで。」,「おげんきですか。」「おかげさまで。」,"“How are you?” “I'm well, thanks.”"
l044,大切なもの,たいせつなもの,important thing; precious possession,noun,health,たいせつなもの,47,家族は私の大切なものです。,かぞくは わたしの たいせつな ものです。,My family is something precious to me.
l045,こと,こと,thing; matter,noun,health,たいせつなもの,48,忘れたくないことがあります。,わすれたくない ことが あります。,There are things I don't want to forget.
l046,パスポート,パスポート,passport,noun,health,たいせつなもの,48,パスポートを持って、知らない国へ行きます。,ぱすぽーとを もって、しらない くにへ いきます。,I take my passport and go to a country I don't know.
l047,ビザ,ビザ,visa,noun,health,たいせつなもの,48,日本へ行く前にビザを取ります。,にほんへ いく まえに びざを とります。,I get a visa before going to Japan.
l048,大使館,たいしかん,embassy,noun,health,たいせつなもの,48,大使館で話を聞きます。,たいしかんで はなしを ききます。,I listen to what they say at the embassy.
l049,大切な,たいせつな,important; precious,na-adjective,health,たいせつなもの,48,大切な夢を忘れません。,たいせつな ゆめを わすれません。,I won't forget my precious dream.
l050,なくす,なくす,to lose,verb,health,たいせつなもの,48,大切な鍵をなくしました。,たいせつな かぎを なくしました。,I lost an important key.
l051,貸す,かす,to lend,verb,health,たいせつなもの,48,友達に本を貸します。,ともだちに ほんを かします。,I lend a book to my friend.
l052,借りる,かりる,to borrow,verb,health,たいせつなもの,48,図書館で本を借ります。,としょかんで ほんを かります。,I borrow a book from the library.
l053,返す,かえす,to return,gverb,health,たいせつなもの,48,明日、本を返します。,あした、ほんを かえします。,I'll return the book tomorrow.
l054,無駄な,むだな,wasteful; useless,na-adjective,health,たいせつなもの,48,無駄な時間なんてありません。,むだな じかんなんて ありません。,There is no such thing as wasted time.
l055,要る,いる,to need,verb,health,たいせつなもの,48,旅行にはパスポートが要ります。,りょこうには ぱすぽーとが いります。,You need a passport for travel.
l056,ええ,ええ,yes; yeah,interjection,health,たいせつなもの,48,「ええ、本当です。」,「ええ、ほんとうです。」,"“Yes, that's right.”"
l057,本当,ほんとう,true; really,noun,health,たいせつなもの,48,それは本当ですか。,それは ほんとうですか。,Is that really true?
l058,嘘,うそ,lie,noun,health,たいせつなもの,48,「それ、嘘でしょう？」,「それ、うそでしょう？」,"“That's a lie, isn't it?”"
l059,お祈り,おいのり,prayer,noun,health,たいせつなもの,48,夜、一人でお祈りをします。,よる、ひとりで おいのりを します。,"At night, I pray alone."
l060,触る,さわる,to touch,verb,health,たいせつなもの,48,これは大切なものです。触らないでください。,これは たいせつな ものです。さわらないで ください。,This is something precious. Please don't touch it.
l061,将来,しょうらい,future,noun,health,しょうらい,48,将来、どこに住みたいですか。,しょうらい、どこに すみたいですか。,Where do you want to live in the future?
l062,夢,ゆめ,dream,noun,health,しょうらい,49,子供のころの夢を思い出しました。,こどもの ころの ゆめを おもいだしました。,I remembered my childhood dream.
l063,留学する,りゅうがくする,to study abroad,verb,health,しょうらい,49,日本へ留学したいです。,にほんへ りゅうがくしたいです。,I want to study abroad in Japan.
l064,研究する,けんきゅうする,to research; conduct research,verb,health,しょうらい,49,大学で日本の文化を研究します。,だいがくで にほんの ぶんかを けんきゅうします。,I study Japanese culture at university.
l065,研究者,けんきゅうしゃ,researcher,noun,health,しょうらい,49,いつか研究者になりたいです。,いつか けんきゅうしゃに なりたいです。,"Someday, I want to become a researcher."
l066,大学院,だいがくいん,graduate school,noun,health,しょうらい,49,大学院で勉強しています。,だいがくいんで べんきょうして います。,I study at graduate school.
l067,専門,せんもん,specialty; field of expertise,noun,health,しょうらい,49,私の専門は美術です。,わたしの せんもんは びじゅつです。,My specialty is art.
l068,経済,けいざい,economy; economics,noun,health,しょうらい,49,大学で経済を勉強します。,だいがくで けいざいを べんきょうします。,I study economics at university.
l069,美術,びじゅつ,fine arts,noun,health,しょうらい,49,美術館で美術を見ます。,びじゅつかんで びじゅつを みます。,I look at art at an art museum.
l070,地球,ちきゅう,Earth,noun,health,しょうらい,49,地球は青くてきれいです。,ちきゅうは あおくて きれいです。,Earth is blue and beautiful.
l071,～について,～について,about; concerning,grammar,health,しょうらい,49,日本について話します。,にほんに ついて はなします。,I talk about Japan.
l072,埋める,うめる,to fill; bury,verb,health,しょうらい,49,小さな箱を土に埋めます。,ちいさな はこを つちに うめます。,I bury a small box in the ground.
l073,考える,かんがえる,to think; consider,verb,health,しょうらい,49,夢について考えます。,ゆめに ついて かんがえます。,I think about my dreams.
l074,もう,もう,already; anymore,adverb,health,しょうらい,49,もう夜です。,もう よるです。,It's already night.
l075,これから,これから,from now on; from here,adverb,health,しょうらい,49,これから何をしますか。,これから なにを しますか。,What will you do from now on?
l076,そして,そして,and; and then,conjunction,health,これ も、 覚えよう！,49,本を読みました。そして、夢を見ました。,ほんを よみました。そして、ゆめを みました。,I read a book. And then I had a dream.
l077,前,まえ,before; front,noun,health,これ も、 覚えよう！,50,駅の前で待っています。,えきの まえで まって います。,I'm waiting in front of the station.
l078,後,あと,after; later; back,noun,health,これ も、 覚えよう！,50,映画の後でご飯を食べます。,えいがの あとで ごはんを たべます。,I'll eat after the movie.
l079,もうすぐ,もうすぐ,soon,adverb,health,これ も、 覚えよう！,50,もうすぐ春です。,もうすぐ はるです。,It's almost spring.
l080,すぐ,すぐ,immediately; soon,adverb,health,これ も、 覚えよう！,50,すぐ帰ります。,すぐ かえります。,I'll be right back.
l081,後で,あとで,later,adverb,health,これ も、 覚えよう！,50,後で電話します。,あとで でんわします。,I'll call later.
l082,また,また,again; also,adverb,health,これ も、 覚えよう！,50,またいつか会いましょう。,また いつか あいましょう。,Let's meet again someday.
l083,までに,までに,by; before,particle,health,これ も、 覚えよう！,50,五時までに帰ります。,ごじまでに かえります。,I'll return by five.
l084,ですから,ですから,therefore; so,conjunction,health,これ も、 覚えよう！,50,今日は休みです。ですから、出かけます。,きょうは やすみです。ですから、でかけます。,"Today is my day off. So, I'll go out."
l085,そんなに,そんなに,that much; so much,adverb,health,これ も、 覚えよう！,50,そんなに心配しないでください。,そんなに しんぱい しないで ください。,Please don't worry that much.
l086,だんだん,だんだん,gradually,adverb,health,これ も、 覚えよう！,50,空がだんだん暗くなります。,そらが だんだん くらく なります。,The sky gradually gets dark.
l087,皆さん,みなさん,everyone,eexpression,health,これ も、 覚えよう！,50,皆さん、元気ですか。,みなさん、げんきですか。,"Everyone, how are you?"
l088,ロボット,ロボット,robot,noun,health,これ も、 覚えよう！,50,未来の町にはロボットがいます。,みらいの まちには ろぼっとが います。,There are robots in the cities of the future.
l089,へえ,へえ,really?; oh!,interjection,health,これ も、 覚えよう！,50,「ロボットと話したの？」「へえ！」,「ろぼっとと はなしたの？」「へえ！」,“You talked to a robot?” “Wow!”
l090,すごい,すごい,amazing; incredible,i-adjective,health,これ も、 覚えよう！,50,すごい！空に虹があります。,すごい！そらに にじが あります。,Amazing! There's a rainbow in the sky.
l091,特に,とくに,particularly; especially,adverb,health,これ も、 覚えよう！,50,特に好きな季節は夏です。,とくに すきな きせつは なつです。,The season I especially like is summer.
l092,なかなか,なかなか,quite; rather; not easily,adverb,health,これ も、 覚えよう！,50,なかなか面白い本です。,なかなか おもしろい ほんです。,It's quite an interesting book.
l093,～が,～が,but; however,particle,health,これ も、 覚えよう！,50,日本語が少し分かります。,にほんごが すこし わかります。,I understand a little Japanese.
l094,～けど,～けど,but; although,conjunction,health,これ も、 覚えよう！,50,行きたいけど、今日は時間がありません。,いきたいけど、きょうは じかんが ありません。,"I want to go, but I don't have time today."
l095,そうですね,そうですね,that's right; let's see,phrase,health,これ も、 覚えよう！,50,「明日、行きますか。」「そうですね。」,「あした、いきますか。」「そうですね。」,"“Shall we go tomorrow?” “Hmm, let's see.”"
l096,失礼ですが,しつれいですが,excuse me; if I may ask,phrase,health,これ も、 覚えよう！,50,失礼ですが、お名前は何ですか。,しつれいですが、おなまえは なんですか。,"Excuse me, but what is your name?"
l097,聞く,きく,to ask; listen; hear,verb,health,これ も、 覚えよう！,50,分からないことを先生に聞きます。,わからない ことを せんせいに ききます。,I ask the teacher about things I don't understand.
l098,あのう,あのう,um; excuse me,interjection,health,これ も、 覚えよう！,50,「あのう、駅はどこですか。」,「あのう、えきは どこですか。」,"“Um, excuse me, where is the station?”"
l099,ええと,ええと,um; let's see,interjection,health,これ も、 覚えよう！,50,「ええと、これは何ですか。」,「ええと、これは なんですか。」,“Um... what is this?”
l100,でも,でも,but; however,conjunction,health,これ も、 覚えよう！,50,行きたいです。でも、時間がありません。,いきたいです。でも、じかんが ありません。,I want to go. But I don't have time.
l101,どうして,どうして,why,adverb,health,これ も、 覚えよう！,50,どうして空は青いですか。,どうして そらは あおいですか。,Why is the sky blue?
l102,～から,～から,because; from,particle,health,これ も、 覚えよう！,50,明日は休みですから、出かけます。,あしたは やすみですから、でかけます。,"Since tomorrow is a day off, I'll go out."
l103,そうですか,そうですか,is that so?; I see,phrase,health,これ も、 覚えよう！,50,「日本へ行きます。」「そうですか。」,「にほんへ いきます。」「そうですか。」,“I'm going to Japan.” “I see.”
l104,分かりました,わかりました,understood; I understand,phrase,health,これ も、 覚えよう！,50,「分かりました。」と言いました。,「わかりました。」と いいました。,"“Understood,” they said."
l105,出身,しゅっしん,hometown/origin,noun,self_introduction,null,50,出身はどこですか。,しゅっしんは どこですか。,Where are you from?
v107,連絡,れんらく,contact,noun/verb,friend,null,99,また連絡します。,また れんらくします。,I'll contact you again.
v127,親友,しんゆう,best friend,noun,friend,null,99,親友と夜まで話しました。,しんゆうと よるまで はなしました。,I talked with my best friend until night.
v128,知り合い,しりあい,acquaintance,noun,friend,null,99,その人は昔の知り合いです。,その ひとは むかしの しりあいです。,That person is an old acquaintance.
v129,米,こめ,rice,noun,todays_meal,null,99,米を買って帰ります。,こめを かって かえります。,I'll buy rice and go home.
v142,踊る,おどる,to dance,verb,hobby,null,99,音楽が聞こえると、みんな踊ります。,おんがくが きこえると、みんな おどります。,"When they hear music, everyone dances."
v151,買い物,かいもの,shopping,noun,shopping,null,99,週末は友達と買い物をします。,しゅうまつは ともだちと かいものを します。,I go shopping with my friends on weekends.
v153,値段,ねだん,price,noun,shopping,null,99,この本の値段はいくらですか。,この ほんの ねだんは いくらですか。,How much is this book?
v155,店員,てんいん,store clerk,noun,shopping,null,99,店員さんが笑いました。,てんいんさんが わらいました。,The shop clerk smiled.
v161,温泉,おんせん,hot spring,noun,holiday,null,99,いつか月を見ながら温泉に入りたいです。,いつか つきを みながら おんせんに はいりたいです。,"Someday, I want to soak in a hot spring while looking at the moon."
v167,台所,だいどころ,kitchen,noun,living,null,99,台所からいい音がします。,だいどころから いい おとが します。,A nice sound is coming from the kitchen.
v176,近所,きんじょ,neighborhood,noun,living,null,99,近所に小さな公園があります。,きんじょに ちいさな こうえんが あります。,There is a small park nearby.
v180,給料,きゅうりょう,salary,noun,work,null,99,給料で新しい本を買いました。,きゅうりょうで あたらしい ほんを かいました。,I bought a new book with my salary.
v115,上司,じょうし,boss,noun,work,null,99,上司と一緒に昼ご飯を食べます。,じょうしと いっしょに ひるごはんを たべます。,I have lunch with my boss.
v118,同僚,どうりょう,colleague,noun,work,null,99,同僚と会社の近くでご飯を食べます。,どうりょうと かいしゃの ちかくで ごはんを たべます。,I eat with my coworker near the office.